ino	no	title	artist	bpm	slow	nov	adv	exh	mxm	unov	uadv	uexh	umxm	from	at	etc
1194	0001	VALKYRIE ASSAULT	 "SYUNN"	180		06	13	16	19				pcb	SDVX 오리지널	VI 01	[V]
0045	0002	ABSOLUTE (saminun mix)	あさり(saminun)	146	61	05	12	14	17				pcb	FLOOR 리믹스	VI 01	
1585	0003	ナスカの丘 (Hi-NRG Remix)	Hyuji feat. LIQU@。& TadashiYamamoto	133		03	10	14	16				pcb	FLOOR 리믹스	VI 01	
0807	0004	onslaught -Retaliation of Bahamūt-	かめりあ	238		07	14	17	19				pcb	FLOOR 리믹스	VI 01	
0982	0005	Scars of FAUNA (ろひ Remix)	ろひ	195	135	04	13	16	18				pcb	FLOOR 리믹스	VI 01	
1589	0006	ナナホシ(lovely bubbly party mix!)	naka3	160		05	11	13	16				pcb	FLOOR 리믹스	VI 01	
0011	0007	#EmoCloche	#EmoCosine	182		06	13	15	18				pcb	FLOOR 리믹스	VI 01	
0358	0008	EMERALDAS (Yuta Imai Remix)	Yuta Imai	190		06	13	16	18				pcb	FLOOR 리믹스	VI 01	
0863	0009	POSSESSION (Aoi Q.E.D. RMX)	Aoi	318	106	06	13	16	18				pcb	FLOOR 리믹스	VI 01	
1010	0010	SHION -sublimation mix-	BlackY feat. Risa Yuzuki	186		05	12	15	17				pcb	FLOOR 리믹스	VI 01	
2023	0011	追憶のアリア	Blanc Bunny Bandit	130		03	09	13	16					히나비타♪ / 반메시♪	VI 01	FGP 2라운드 곡
1756	0012	叛逆のディスパレート	Vanitas Lacrimosa	194		05	12	15	17					히나비타♪ / 반메시♪	VI 01	FGP 2라운드 곡
1992	0013	花は折りたし梢は高し	夜叉姫神楽	215		05	10	14	16					히나비타♪ / 반메시♪	VI 01	FGP 2라운드 곡
1439	0014	アリスサイド・キャスリング	メリー・バッド・メルヘン	115		04	11	14	16					히나비타♪ / 반메시♪	VI 01	FGP 2라운드 곡
0019	0015	*ハロー、プラネット。	sasakure.UK	150		03	09	14	16					VOCALOID	VI 01	미쿠 [로케테]
1468	0016	オルターエゴ	Misumi	176		04	11	15	17					VOCALOID	VI 01	미쿠
1678	0017	ラストリゾート	Ayase	124		01	08	12	16					VOCALOID	VI 01	미쿠
2041	0018	門門しましょ	ビートまりお	180		04	10	14	17					동방 프로젝트	VI 01	원곡: 上海紅茶館　～ Chinese Tea明治十七年の上海アリス[로케테]
1979	0019	緋色月下、狂咲ノ絶 (nayuta 2017 ver)	EastNewSound	150		04	11	15	18					동방 프로젝트	VI 01	원곡: U.N.オーエンは彼女なのか？[로케테]
1240	0020	WARNING×WARNING×WARNING	暁Records	172		03	10	14	18					동방 프로젝트	VI 01	원곡: 遥か38万キロのボヤージュ星条旗のピエロ
1706	0021	不可測的メトロポリス	少女フラクタル	156		03	09	13	16					동방 프로젝트	VI 01	원곡: ビーストメトロポリス
1967	0022	穢れなきユーフォリア	幽閉サテライト	160		04	10	15	17					동방 프로젝트	VI 01	원곡: 偶像に世界を委ねて 〜 Idoratrize World
1566	0023	トランスダンスアナーキー	暁Records	195		05	11	15	17					동방 프로젝트	VI 01	원곡: クレイジーバックダンサーズ
0965	0024	Sakura Fubuki	Street	175		05	12	15	17					BMS	VI 01	
0061	0025	Air	SHIKI	178		06	13	16	18					BMS	VI 01	[로케테]
0299	0026	Destr0yer	削除 feat. Nikki Simons	90		05	12	14	18					BMS	VI 01	[로케테]
0117	0027	Bad Elixir	xi	203		07	13	16	19					BMS	VI 01	[로케테]
0214	0028	Chronomia	Lime	227		07	14	17	19					BMS	VI 01	
1626	0029	プナイプナイたいそう	立秋 feat.ちょこ	271		06	13	16	18					BMS	VI 01	
0003	0030	777	RoughSketch(Notebook Records)	777		07	14	17	19					동인 음악	VI 01	
1486	0031	キラメキ居残り大戦争	森羅万象	212		05	12	15	17					동인 음악	VI 01	[로케테]
0581	0032	Innocent Azure	kuro	203		06	13	16	18				pcb	FLOOR 오리지널	VI 02	
0796	0033	Now loading...	つきみぐー、×如月結愛	128		02	10	14	16				pcb	FLOOR 오리지널	VI 02	
1875	0034	月下の舞兎祭	Aoi feat. Kuroa*	152		05	12	15	17				pcb	FLOOR 오리지널	VI 02	
1206	0035	Verstärkt Killer	MALVA.	182		05	11	14	17				pcb	FLOOR 오리지널	VI 02	
1681	0036	ラヴ♡チャンス!!	Ponchi♪ feat.はぁち	215		06	13	16	18				pcb	FLOOR 오리지널	VI 02	
1255	0037	Whip☆Drip	pan+テヅカ feat.桃雛なの	249		05	13	15	17				pcb	FLOOR 오리지널	VI 02	
1033	0038	Souhait bleu	しーけー	225		06	12	16	18				pcb	FLOOR 오리지널	VI 02	
0449	0039	Fun walk!!	Enterskip	170		05	11	15	17				pcb	FLOOR 오리지널	VI 02	
0647	0040	Le Merle Noir	Rigel Theatre	136	92	03	09	14	16				pcb	FLOOR 오리지널	VI 03	
1201	0041	Vanishing Eidos	めと(Metomate)	179		05	13	15	18				pcb	FLOOR 오리지널	VI 03	
1884	0042	木洩れ日に咲く	seatrus feat.杠葉えりか	171		05	12	15	17				pcb	FLOOR 오리지널	VI 03	
1084	0043	SuperMiracleEnsemble	fnylsp	303		06	13	16	18				pcb	FLOOR 오리지널	VI 03	
0724	0044	Metagame Matador	RoughSketch vs MAD CHILD	160		06	13	16	18				pcb	FLOOR 오리지널	VI 03	
1829	0045	恋獄対刃	あるふぁ＋凜々	190		04	11	14	17				pcb	FLOOR 오리지널	VI 03	
2063	0046	響く静寂	テヅカ	212		04	12	14	17				pcb	FLOOR 오리지널	VI 03	
1429	0047	りむむむむむむ	立秋 feat.ちょこ	140		06	12	15	18				pcb	FLOOR 오리지널	VI 04	
2028	0048	運命超過乃巡合	Aoi feat. Gra+yanshu	165		05	12	14	17				pcb	FLOOR 오리지널	VI 04	
1824	0049	恋愛♡悪戯！？まじかる☆ぱふゅ～む！！	さわわ feat.杠葉えりか＆凜々	212		06	13	16	18				pcb	FLOOR 오리지널	VI 04	
0160	0050	Blue Forest(NightBounce Remix)	kanone	132		04	10	14	17				pcb	FLOOR 리믹스	VI 05	
0357	0051	Elemental Creation -xiRemix-	xi	242	121	06	13	16	18				pcb	FLOOR 리믹스	VI 05	
0570	0052	Impress(siqlo's Hi-Tech Veats)	siqlo	160		05	11	14	17				pcb	FLOOR 리믹스	VI 05	
0701	0053	Macuilxochitl (Latin Jazz Mix)	technoplanet	156		06	13	16	18				pcb	FLOOR 리믹스	VI 05	
0794	0054	nostos -ark remix-	Se-U-Ra + しーけー	205	180	05	12	15	18				pcb	FLOOR 리믹스	VI 05	
1958	0055	神にした彼女が示す世界線	上村香月	250	157	06	13	15	17				pcb	FLOOR 오리지널	VI 06	
0015	0056	#Namescapes	#Namescapes	146		02	12	15	18				pcb	FLOOR 오리지널	VI 06	
1823	0057	恋は君のそばでサクラサク	榮田一貴 feat.冬乃桜＆永久毎日	204		03	10	13	16				pcb	FLOOR 오리지널	VI 07	
0378	0058	Enter The Fire	Yooh	140		04	11	14	17				pcb	FLOOR 오리지널	VI 07	
0403	0059	FEEL THE FORCE	brz1128	210		06	13	16	18				pcb	FLOOR 오리지널	VI 07	
0697	0060	M-O-R-F-I-N-E	u-z feat.紫咲ほたる	220		05	12	15	17				pcb	FLOOR 오리지널	VI 07	
1260	0061	WILD FIRE	がるる	172		04	12	14	17				pcb	FLOOR 오리지널	VI 09	
1294	0062	Xymatic Scope	MasKaleido feat. ぁゅ	170	22	05	12	15	17				pcb	FLOOR 오리지널	VI 09	
0191	0063	Cappuccino Hearts	nora2r	260		03	13	16	18				pcb	FLOOR 오리지널	VI 09	
	0064	くらべられっ子	ツユ	194		02	09	14	16					츠유 콜라보레이션[19][20]	VI 09	2024/06/06 삭제
	0065	泥の分際で私だけの大切を奪おうだなんて	ツユ	225		03	11	15	17					츠유 콜라보레이션[19][20]	VI 09	2024/06/06 삭제
	0066	ナミカレ	ツユ	204		05	13	16	18					츠유 콜라보레이션[19][20]	VI 09	2024/06/06 삭제
0090	0067	Aqua,Luna-rium	凛々咲	128		03	10	13	16				pcb	FLOOR 오리지널	VI 10	
1196	0068	Vallasotiena	ろひ	210	170	06	13	16	18				pcb	FLOOR 오리지널	VI 10	
0004	0069	2094	Yuta Imai vs Blacklolita	162		05	12	14	17				pcb	FLOOR 오리지널	VI 10	
0454	0070	G4ME ØVEЯ	Takenoko boy feat. metyao	201		06	13	16	18				pcb	FLOOR 오리지널	VI 10	
1574	0071	ドゥサンコオデッセイ!!	cosMo＠暴走P	160		07	14	17	19	kona	kona	kona	kona	사운드 볼텍스 III 그래비티 워즈 코나스테 오리지널[그레이스의_도전장]	VI 10	[코나스테]
0244	0072	Continuous Moment	影虎。	154		05	12	15	17				pcb	FLOOR 오리지널	VI 11	
0200	0073	Chakra	uma	165		04	11	14	17				pcb	FLOOR 오리지널	VI 11	
0933	0074	Restless Waitress	winddrums	206		06	13	16	18				pcb	FLOOR 오리지널	VI 11	
0021	0075	- Jupiter -	SHIKI	144		04	11	14	17				pcb	BMS	VI 12	
0891	0076	Pure Ruby	SHIKI	178		06	12	15	18				pcb	BMS	VI 12	
1314	0077	αzalea	BlackY	198	99	07	14	17	19	kona	kona	kona	kona	사운드 볼텍스 III 그래비티 워즈 코나스테 오리지널[그레이스의_도전장][25]	VI 12	[코나스테]
0297	0078	Destined Marionette	ビートまりお(COOL&CREATE)	186	93	06	12	16	18					BMS	VI 13	
0124	0079	BAYONEX	かめりあ as "Revenge of Riot"	262		07	14	17	19	kona	kona	kona	kona	사운드 볼텍스 III 그래비티 워즈 코나스테 오리지널[그레이스의_도전장]	VI 13	[코나스테]
0367	0080	End of Guilty	kanone	290		06	12	16	18				pcb	FLOOR 오리지널	VI 14	
0203	0081	charm♡you	U-ske feat. 花柚	147		04	11	15	17				pcb	FLOOR 오리지널	VI 14	
1847	0082	文月	nonomori feat. 亜沙美	150		03	10	14	16				pcb	FLOOR 오리지널	VI 14	
0885	0083	Puni Puni Parade	MARON (IOSYS)	188		06	14	16	18				pcb	SDVX 오리지널	VI 14	[V]
0127	0084	BEAT MAGIC	ランコ feat. Eurobeat Union	164		03	10	13	16				pcb	동방 프로젝트	VI 15	원곡: 始原のビート　～ Pristine Beat
0601	0085	Jailbreaker	Hommarju feat. かぼちゃ	180		05	12	15	17				pcb	동방 프로젝트	VI 15	원곡: U.N.オーエンは彼女なのか？
0363	0086	Empty Backdoor	森羅万象	169		04	11	14	17				pcb	동방 프로젝트	VI 15	원곡: 秘神マターラ　～ Hidden Star in All Seasons.
2070	0087	驪駒早鬼は馬並み☆プロテイン	ARM × 狐夢想 feat.ななひら	175		04	11	14	17				pcb	동방 프로젝트	VI 15	원곡: 聖徳太子のペガサス　～ Dark Pegasus
2045	0088	限界突破リザレクション	まろん vs. モリモリあつし feat. ビートまりお	169		06	13	16	18				pcb	동방 프로젝트	VI 15	원곡: 月まで届け、不死の煙
0934	0089	Reverenced Flower	ぺのれり	209	152	07	14	17	19	kona	kona	kona	kona	사운드 볼텍스 III 그래비티 워즈 코나스테 오리지널[그레이스의_도전장]	VI 15	[코나스테]
1419	0090	まみむめ🍄まるっと🍄まっしゅるーむ🍄🍄	かめりあ as "まいたけラヴ" feat. ななひら as "エリンギ大好き"	161		05	13	15	18				pcb	FLOOR 오리지널	VI 16	
1106	0091	The Clown of 24stairs	Yu_Asahina	204		07	14	17	19				pcb	FLOOR 오리지널	VI 16	
0553	0092	I Left for my Right	あの日字数制限に負けて追い出された「ゃ」	155		05	12	15	17				pcb	FLOOR 오리지널	VI 16	
1113	0093	The King Of Red	Hommarju	195		06	13	16	18				pcb	FLOOR 오리지널	VI 16	
2077	0094	黎明の情	TAKU1175 ft.駄々子	210		05	12	14	17				pcb	FLOOR 오리지널	VI 16	
0900	0095	R.I.P.ゴシップの海	cosMo@暴走P	222		05	13	16	18					VOCALOID	VI 17	GUMI
1342	0096	《Re:miniscence》	かねこちはる	166	125	08	15	18	20	kona	kona	kona	kona	사운드 볼텍스 III 그래비티 워즈 코나스테 오리지널[그레이스]	VI 18	[코나스테]
1292	0097	XXanadu#climaXX	概念	187		06	13	16	18				pcb	FLOOR 오리지널	VI 19	
0138	0098	Bigbang Faker	BlackY	155		06	13	16	18				pcb	FLOOR 오리지널	VI 19	
0870	0099	PRESERVED VAMPIRE	SOUND HOLIC feat. Nana Takahashi	170		05	12	15	17				pcb	동방 프로젝트	VI 20	원곡: 月時計 ～ ルナ・ダイアル フラワリングナイト
0684	0100	Love Love Scarlet	イノライfeat.怜花	185		04	11	14	17				pcb	동방 프로젝트	VI 20	원곡: U.N.オーエンは彼女なのか？恋色マスタースパーク
1970	0101	竹	立秋 feat.ちょこ	 315	5 	06	14	17	19				pcb	BMS	VI 21	
0095	0102	Archangelio	Juggernaut.	300		06	13	16	18				pcb	FLOOR 오리지널	VI 22	
0490	0103	Going My Future!	#EmoCosine	183		06	13	16	18				pcb	FLOOR 오리지널	VI 22	
1620	0104	フェアリーテイル・ラヴァーズ	みーに＠メルヘン風紀委員会書記	155		05	12	15	17				pcb	FLOOR 오리지널	VI 22	
1782	0105	天弓天華オトハナビ	ビートまりおとまろん	170		05	12	16	18					동방 프로젝트	VI 23	원곡: 少女綺想曲 ～ Dream Battle恋色マスタースパーク永夜の報い ～ Imperishable Nightあの賑やかな市場は今どこに　～ Immemorial Marketeers
1524	0106	スカーレット警察のゲットーパトロール24時	七条レタスグループ	160		04	11	15	18					동방 프로젝트	VI 23	원곡: おてんば恋娘亡き王女の為のセプテット
0692	0107	LUCKY CAT	ちょこふぁん	167		03	11	14	17					동방 프로젝트	VI 23	원곡: 大吉キトゥン
1560	0108	デンデラパーティーナイト	森羅万象	181		05	11	15	17					동방 프로젝트	VI 23	원곡: 夜のデンデラ野を逝く
1612	0109	ヒトガタ	HIMEHINA	150		01	10	14	17					HIMEHINA 콜라보레이션	VI 24	
0752	0110	Mr.VIRTUALIZER	HIMEHINA	130		03	08	13	16					HIMEHINA 콜라보레이션	VI 24	
1999	0111	藍の華	HIMEHINA	198		05	12	15	18					HIMEHINA 콜라보레이션	VI 24	
0392	0112	eXtridia	unatra×Nego_tiator	136		05	13	15	17	pcb	pcb	pcb	pcb	MÚSECA 오리지널	VI 25	
1062	0113	Star☆Beat	PandaBoY feat.ななひら	185		06	13	16	18	pcb	pcb	pcb	pcb	MÚSECA 오리지널	VI 25	
1528	0114	スノウイコン	mazuka153	164		04	11	14	17	pcb	pcb	pcb	pcb	MÚSECA 오리지널	VI 25	
1421	0115	みたらしプラトニック(feat. nicamoq)	Yunomi	160		05	11	14	17	pcb	pcb	pcb	pcb	MÚSECA 오리지널	VI 25	
0922	0116	Red+White=Kawaii	こすも８ｂｉｔ	210		06	13	16	18	pcb	pcb	pcb	pcb	MÚSECA 오리지널	VI 25	
0510	0117	Halloween Is Chaos	RoughSketch feat.北小路ヒスイ	197		05	11	15	18				pcb		VI 26	
1467	0118	オリガミカル・スウィートラヴ	かめりあ feat.ななひら	192		05	12	14	17	pcb	pcb	pcb	pcb	MÚSECA 오리지널	VI 27	
1479	0119	キカイノミルユメ	はがね	128		04	10	13	16	pcb	pcb	pcb	pcb	MÚSECA 오리지널	VI 27	
2082	0120	~仔羊のナヴァラン・クリシェを添えて~	PiyoPiyo Kitchen	150		06	13	16	18	pcb	pcb	pcb	pcb	MÚSECA 오리지널	VI 27	
0786	0121	NIN-NIN-NIN!!	よああああ（ああああ＋yoa）	170	90	05	12	14	17	pcb	pcb	pcb	pcb	MÚSECA 오리지널	VI 27	
0924	0122	Refrain	お月さま交響曲	163		06	13	16	18	pcb	pcb	pcb	pcb	MÚSECA 오리지널	VI 27	
1184	0123	Unleashed Redness	DecisionS (kanone + nora2r)	185		06	13	16	18				pcb	FLOOR 오리지널	VI 28	
0834	0124	party:stage	かゆき	310		06	12	16	18				pcb	FLOOR 오리지널	VI 28	
0903	0125	Rapsodia d'amore	xi	288		07	14	17	19				pcb	FLOOR 오리지널	VI 28	
0853	0126	PLANISPHERE	SOUND HOLIC feat. Nana Takahashi	161	122	04	11	14	17	pcb	pcb	pcb	pcb	SDVX 오리지널	VI 29	
1777	0127	夢の終わり、世界のはじまり。	TAKU1175 ft.駄々子	175		04	11	14	17	pcb	pcb	pcb	pcb	SDVX 오리지널	VI 29	
0437	0128	Foolish Again	lapix	160		05	12	15	17	pcb	pcb	pcb	pcb	SDVX 오리지널	VI 29	
0836	0129	Perfect Ultimate Celebration!!	2時間でPUCされたかぼちゃ	200		06	13	16	18	pcb	pcb	pcb	pcb	SDVX 오리지널	VI 29	
1103	0130	Test Flight	黒魔	188		05	12	15	18	pcb	pcb	pcb	pcb	SDVX 오리지널	VI 29	
1044	0131	sparky spark	kamome sano	155		06	12	15	17	pcb	pcb	pcb	pcb	SDVX 오리지널	VI 29	
1430	0132	ゔぉるみっくす!!!!	かめりあ feat. ななひら	161		06	13	16	18	pcb	pcb	pcb	pcb	SDVX 오리지널	VI 29	
1339	0133	↑↑↓↓←→←→BA	meiyo	124		03	10	14	17					코나미 커맨드	VI 30	
0060	0134	AIM HIGHER	U-ske feat. 棗いつき	168		06	13	16	18	hexa	hexa	hexa	hexa	FLOOR 오리지널	VI 31	HEXA DIVER
0068	0135	All for One	CANVAS feat. Quimär	185		06	13	16	18	hexa	hexa	hexa	hexa	FLOOR 오리지널	VI 31	HEXA DIVER
1263	0136	Wings to fly high	Noah	249		06	13	16	18	hexa	hexa	hexa	hexa	FLOOR 오리지널	VI 31	HEXA DIVER
0366	0137	EncorE & cALL	CHUBAY	240		07	14	17	19	hexa	hexa	hexa	hexa	FLOOR 오리지널	VI 31	HEXA DIVER
0111	0138	AμreoLe ~for Triumph~	Ashrount	321		07	14	17	19	hexa	hexa	hexa	hexa	FLOOR 오리지널	VI 31	HEXA DIVER
1306	0139	ZEUS	BlackY	228		07	14	17	19	hexa	hexa	hexa	hexa	FLOOR 오리지널	VI 31	HEXA DIVER
1284	0140	XHRONOXAPSULΞ	Silentroom	277		08	15	18	20	hexa	hexa	hexa	hexa	FLOOR 오리지널	VI 31	HEXA DIVER
0923	0141	refluxio	Juggernaut.	212	159	06	13	16	18	hexa	hexa	hexa	hexa	FLOOR 오리지널	VI 32	HEXA DIVER
2003	0142	蝕	めと（Metomate）	220		06	13	16	18	hexa	hexa	hexa	hexa	FLOOR 오리지널	VI 32	HEXA DIVER
1919	0143	火狐之舞	影虎。	242		06	13	16	18	hexa	hexa	hexa	hexa	FLOOR 오리지널	VI 32	HEXA DIVER
1744	0144	十の試煉	打打だいず vs. siromaru	211		07	14	17	19	hexa	hexa	hexa	hexa	FLOOR 오리지널	VI 32	HEXA DIVER
0941	0145	Rhapsody ⚙f Triumph	かめりあ・超機裝旋楽隊	235		07	14	17	19	hexa	hexa	hexa	hexa	FLOOR 오리지널	VI 32	HEXA DIVER
1279	0146	Xb10r	隣の庭は青い(庭師+Aoi)	200		07	14	17	19	hexa	hexa	hexa	hexa	FLOOR 오리지널	VI 32	HEXA DIVER
0741	0147	MixxioN	MisoilePunch♪	275		08	15	18	20	hexa	hexa	hexa	hexa	FLOOR 오리지널	VI 32	HEXA DIVER
0932	0148	Resonant Gear	Endorfin.	185		04	11	14	17	lim	lim	lim	lim	SDVX 오리지널	VI 33	[V]
1672	0149	ユキバレ＊ぱれいど	coTatsu	160		04	11	14	16				pcb	FLOOR 오리지널	VI 33	
1508	0150	サクラノソバニ！	Ray_Oh feat.みかん汁	228		05	12	15	17				pcb	FLOOR 오리지널	VI 33	
0721	0151	Memory Flow	兎波かなで feat.とうな	206		06	13	15	18				pcb	FLOOR 오리지널	VI 33	
1743	0152	勇者の卒業式	Verdammt	162		04	11	14	17				pcb	FLOOR 오리지널	VI 33	
1974	0153	紫焔双穿	かめりあ	230		07	14	17	19				pcb	FLOOR 오리지널	VI 33	
1936	0154	爆烈歓迎♪エクストリーム飲茶旋風脚ッ!!	BlackY feat. Risa Yuzuki	188	94	06	13	16	18				pcb	FLOOR 오리지널	VI 33	
0285	0155	Decadence Mission	Jerico	175		06	13	16	18				pcb	FLOOR 오리지널	VI 33	
0539	0156	Holy Trail	satie	200		07	13	16	19				pcb	FLOOR 오리지널	VI 33	
0402	0157	FAR GONE	493Water	160		06	13	16	18				pcb	FLOOR 오리지널	VI 33	
0533	0158	Heroine is here	クルトン feat.ケィニ	210		04	11	14	16				pcb	FLOOR 오리지널	VI 33	
1956	0159	神っぽいな	ピノキオピ	142		03	10	14	17					VOCALOID	VI 33	미쿠
1487	0160	キリカ	HIMEHINA	185		03	11	14	17					HIMEHINA 콜라보레이션	VI 33	
1623	0161	フリコドウル	HIMEHINA	160		05	12	15	18					HIMEHINA 콜라보레이션	VI 33	
1126	0162	THE WORLD REVOLVING	Toby Fox	190		06	13	16	18					deltarune 콜라보레이션	VI 33	
0493	0163	GOODTEK	EBIMAYO	190		06	12	15	18					BMS	VI 33	
0135	0164	Berry Go!!	Freezer feat.妃苺	175		05	12	15	17					BMS	VI 33	
0276	0165	DATAERR0R	Cosmograph	180		06	13	16	18					BMS	VI 33	
1012	0166	SHOCKER BREAKER	Yu_Asahina	165	110	06	13	16	18	pcb	pcb	pcb	pcb	MÚSECA 오리지널	VI 34	
0185	0167	c2Theater	yaseta + Hidra-Xjeil	190		06	12	15	18	pcb	pcb	pcb	pcb	MÚSECA 오리지널	VI 34	
1656	0168	ミライチューナー	U-ske feat.すずしろ	140		04	10	13	16	pcb	pcb	pcb	pcb	MÚSECA 오리지널	VI 34	
1667	0169	メンタンピンドラドラ	enzo + O2i3	185		05	12	14	17	pcb	pcb	pcb	pcb	MÚSECA 오리지널	VI 34	
0245	0170	Corrupting Wonderland	u-z feat.CHERICa	250		06	12	15	18				pcb	FLOOR 오리지널	VI 35	
1073	0171	Struggle for Revival	NitoK	110		05	12	15	17				pcb	FLOOR 오리지널	VI 35	
1545	0172	チクサクコールが懐かしい	諸星なな feat.加藤はるか	194	109	05	12	15	17				pcb	FLOOR 오리지널	VI 35	
1710	0173	二分間の世界	Cororo	225		06	13	16	18				pcb	FLOOR 오리지널	VI 35	
0951	0174	ROZELCIA	brz1128	195	194	06	13	16	18				pcb	FLOOR 오리지널	VI 35	
1447	0175	イエルウタ	ここなつ2.0	110		03	09	13	16					히나비타♪ / 반메시♪	VI 36	
1470	0176	カシオペアノヒカリ	ここなつ2.0	132		02	11	14	17					히나비타♪ / 반메시♪	VI 36	
1525	0177	ステラレギア	ここなつ2.0	130		04	11	14	17					히나비타♪ / 반메시♪	VI 36	
1603	0178	ハートシェイプ・スピカ	ここなつ2.0	170		05	12	15	17					히나비타♪ / 반메시♪	VI 36	
1652	0179	マーメイドペレパスィ	ここなつ2.0	160		03	10	13	16					히나비타♪ / 반메시♪	VI 36	
1664	0180	メモリーズ	ここなつ2.0	136		05	12	15	17					히나비타♪ / 반메시♪	VI 36	
1683	0181	リバース	ここなつ2.0	135		04	11	13	16					히나비타♪ / 반메시♪	VI 36	
0632	0182	Kontrol Line	Yooh	180	140	06	13	16	18	lim	lim	lim	lim	SDVX 오리지널	VI 37	[V]
0051	0183	Across the Starlight	かゆき	170		06	13	16	18				pcb	FLOOR 오리지널	VI 37	
1164	0184	Twinkle Rookie	Halv	205		06	12	15	18				pcb	FLOOR 오리지널	VI 37	
0795	0185	NOT YOUR IDOL	Yuta Imai	155		06	13	16	18				pcb	FLOOR 오리지널	VI 37	
0844	0186	PHOTON BLAXT	seatrus	165		06	12	15	18				pcb	FLOOR 오리지널	VI 37	
1663	0187	メテオライツ・プレリュード	みーに	190		05	11	14	17				pcb	FLOOR 오리지널	VI 37	
1893	0188	極夜、暁を望んで	めと(Metomate)	222		06	13	16	18	hexa	hexa	hexa	hexa	SDVX 오리지널	VI 38	HEXA DIVER
1055	0189	Stairway to the sun	Noah	255		06	13	16	18	hexa	hexa	hexa	hexa	SDVX 오리지널	VI 38	HEXA DIVER
0501	0190	Grandeur	CANVAS x RoughSketch feat. Quimär	190		06	13	16	18	hexa	hexa	hexa	hexa	SDVX 오리지널	VI 38	HEXA DIVER
1384	0191	すべてが幻になった後で	かめりあ・超機裝旋楽隊	79	66	07	14	17	19	hexa	hexa	hexa	hexa	SDVX 오리지널	VI 38	HEXA DIVER
0644	0192	LaμreLs ~the Angelus~	Ashrount	321		07	14	17	19	hexa	hexa	hexa	hexa	SDVX 오리지널	VI 38	HEXA DIVER
0106	0193	Avalanx	隣の庭は青い(庭師+Aoi)	185		07	14	17	19	hexa	hexa	hexa	hexa	SDVX 오리지널	VI 38	HEXA DIVER
0165	0194	Bl∞min'	MisoilePunch♪ -Forever-	234	117	08	15	18	20	hexa	hexa	hexa	hexa	SDVX 오리지널	VI 38	HEXA DIVER
	0195	過去に囚われている	ツユ	180		05	12	15	18					츠유 콜라보레이션	VI 39	2024/06/06 삭제
	0196	終点の先が在るとするならば。	ツユ	235		04	11	14	17					츠유 콜라보레이션	VI 39	2024/06/06 삭제
0100	0197	ASGORE / アズゴア	Toby Fox	114		04	12	15	17					언더테일 콜라보레이션	VI 40	
1045	0198	Spear of Justice / 正義の槍	Toby Fox	131		03	11	14	17					언더테일 콜라보레이션	VI 40	
0284	0199	Death by Glamour / 華麗なる死闘	Toby Fox	148		04	12	15	17					언더테일 콜라보레이션	VI 40	
0409	0200	Finale / フィナーレ	Toby Fox	190		05	13	16	18					언더테일 콜라보레이션	VI 40	
0167	0201	Bonetrousle	Toby Fox	150		02	10	13	16					언더테일 콜라보레이션	VI 40	
1345	0202	あいあむなんばーわんパトラちゃん様	周防パトラ	220		05	13	16	18					스오우 파트라 콜라보레이션	VI 41	
1411	0203	ぶいちゅっばの歌	周防パトラ	150		03	12	15	17					스오우 파트라 콜라보레이션	VI 41	
1067	0204	STIGMA	U-ske feat. 棗いつき	194		06	13	16	18	hexa	hexa	hexa	hexa	SDVX 오리지널	VI 42	HEXA DIVER
1727	0205	光風霽月	影虎。	160		06	13	16	18	hexa	hexa	hexa	hexa	SDVX 오리지널	VI 42	HEXA DIVER
0681	0206	Lost Parliament	Juggernaut.	200		06	13	16	18	hexa	hexa	hexa	hexa	SDVX 오리지널	VI 42	HEXA DIVER
1238	0207	VΛZiLiSQ	BlackY	199		07	14	17	19	hexa	hexa	hexa	hexa	SDVX 오리지널	VI 42	HEXA DIVER
0453	0208	Fαtα∠ Ent∠mEnt	CHUBAY	254		07	14	17	19	hexa	hexa	hexa	hexa	SDVX 오리지널	VI 42	HEXA DIVER
2012	0209	赫焉	打打だいず vs. siromaru	222		07	14	17	19	hexa	hexa	hexa	hexa	SDVX 오리지널	VI 42	HEXA DIVER
1350	0210	いまきみに	Silentroom as "少年R"	264	176	08	15	18	20	hexa	hexa	hexa	hexa	SDVX 오리지널	VI 42	HEXA DIVER
0938	0211	Revvable Engine	nora2r	205		06	13	16	18	lim	lim	lim	lim	SDVX 오리지널	VI 43	[V]
1778	0212	夢幻泡影	wa.	269		06	12	15	18				pcb	FLOOR 오리지널	VI 43	
1908	0213	涙の女神と無形のエトワル	Yu-dachi	140		06	13	16	18				pcb	FLOOR 오리지널	VI 43	
1052	0214	Splash Underwater	siqlo	174		05	12	14	17				pcb	FLOOR 오리지널	VI 43	
0520	0215	Heartache / 心の痛み	Toby Fox	119		01	10	13	16					언더테일 콜라보레이션	VI 44	
1050	0216	Spider Dance / スパイダーダンス	Toby Fox	230		04	11	14	17					언더테일 콜라보레이션	VI 44	
0123	0217	Battle Against a True Hero / 本物のヒーローとの闘い	Toby Fox	150		05	12	15	18					언더테일 콜라보레이션	VI 44	
0717	0218	MEGALOVANIA	Toby Fox	240		03	13	16	18					언더테일 콜라보레이션	VI 44	
0973	0219	SAVE the World	Toby Fox	180		05	12	15	18					언더테일 콜라보레이션	VI 44	
0568	0220	Imperator	Xe (αirlemoneX)	215		06	13	16	18				pcb	FLOOR 오리지널	VI 45	
0998	0221	SHARK ATTACK	ryhki	165		06	12	16	18				pcb	FLOOR 오리지널	VI 45	
0908	0222	Re:Rose Gun Shoooot!	あるふぁ	190		06	12	15	17				pcb	FLOOR 오리지널	VI 45	
1312	0223	ØƵ	Hommarju ft. Mayumi Morinaga	350	90	06	14	16	18				pcb	FLOOR 오리지널	VI 45	
0400	0224	fantastic dreamer／アニメ「この素晴らしい世界に祝福を！」より	Machico	185		02	10	14	17					POPS&아니메	VI 45	
1297	0225	You Are My Best RivaL!!	cosMo@暴走P	240		07	15	18	20	lim	lim	lim	lim	SDVX 오리지널	VI 46	
1700	0226	ヴァンパイア	DECO*27	164		04	11	14	17					VOCALOID	VI 46	미쿠
1455	0227	インドア系ならトラックメイカー	Yunomi & nicamoq	128		03	09	15	17					동인 음악	VI 46	
1960	0228	神罰	cosMo＠暴走P	201		06	13	16	18				pcb	FLOOR 오리지널	VI 47	
0906	0229	Re:call	pan+meal feat.駄々子	99		05	12	14	17				pcb	FLOOR 오리지널	VI 47	
1322	0230	Μοῦσα	ushiee	200		05	12	15	17				pcb	FLOOR 오리지널	VI 47	
0547	0231	Hydroblast	Aoi vs. siromaru	160		06	12	15	18				pcb	FLOOR 오리지널	VI 47	
0772	0232	Never Ending Future	#EmoCosine	215		06	13	16	18				pcb	FLOOR 오리지널	VI 47	
1494	0233	グッバイ宣言	Chinozo	170		02	12	15	17					VOCALOID	VI 48	v flower
2027	0234	透明声彩	YuNi	140		03	11	14	17					동인 음악	VI 48	
1264	0235	WINNING ROAD	setu-O	170		06	12	15	18	blas	blas	blas	blas	FLOOR 오리지널	VI 49	[1W]
0204	0236	Chat perché	Ange;art + Nota	210		06	13	16	18	blas	blas	blas	blas	FLOOR 오리지널	VI 49	[1W]
0369	0237	ENDGAME	Yuta Imai	222		06	13	16	18	blas	blas	blas	blas	FLOOR 오리지널	VI 50	[1W]
1330	0238	ИADIR	Ashrount vs polysha	190		06	13	16	18	blas	blas	blas	blas	FLOOR 오리지널	VI 50	[1W]
0498	0239	graduation	星野音楽工房	170		06	13	16	18	lim	lim	lim	lim	SDVX 오리지널	VI 51	[V]
0753	0240	MURASAME	Hommarju	140		06	11	16	18	blas	blas	blas	blas	FLOOR 오리지널	VI 51	[1W]
0558	0241	Ice Fortress	荒谷サトル	185		06	12	15	18	blas	blas	blas	blas	FLOOR 오리지널	VI 51	[1W]
1519	0242	シル・ヴ・プレジデント	P丸様。	176		02	10	14	17					동인 음악	VI 51	
0578	0243	Initiating League	EmoCosine vs. nora2r	200		06	13	16	18	blas	blas	blas	blas	FLOOR 오리지널	VI 52	[1W]
0984	0244	Scat Jazz Dance	Super Shrimp	162		05	12	16	18	blas	blas	blas	blas	FLOOR 오리지널	VI 52	[1W]
1921	0245	灼ナル刃、破カヰ譜	Symholic feat.狛茉璃奈	165		06	12	15	18	blas	blas	blas	blas	FLOOR 오리지널	VI 53	[1W]
1870	0246	最果ての勇者にラブソングを	deli.+駄々子	268		05	13	16	18	blas	blas	blas	blas	FLOOR 오리지널	VI 53	[1W]
0838	0247	Petit espoir	しーけー	222		06	13	16	18	blas	blas	blas	blas	FLOOR 오리지널	VI 54	[1W]
0420	0248	Fl0ating:	yuichi NAGAO	206		06	12	15	18	blas	blas	blas	blas	FLOOR 오리지널	VI 54	[1W]
0827	0249	Paradigm Shift	あまみ×ひなみ	220		06	13	16	18	blas	blas	blas	blas	FLOOR 오리지널	VI 55	[1W]
1451	0250	イグノアザーズ	U-ske feat. 安土桃	175		06	12	15	18	blas	blas	blas	blas	FLOOR 오리지널	VI 55	[1W]
1148	0251	trea→journey	CHUBAY	260		06	14	16	18	blas	blas	blas	blas	FLOOR 오리지널	VI 56	[1W]
1129	0252	Thousand Triggers	めと（Metomate）	242		06	13	16	18	blas	blas	blas	blas	FLOOR 오리지널	VI 56	[1W]
0732	0253	MILITARY R04D	Enterskip	272		07	14	17	19	blas	blas	blas	blas	FLOOR 오리지널	VI 57	[1W]
1132	0254	Tickled Pink	 "ZAQUVA"	180		06	13	16	18	lim	lim	lim	lim	SDVX 오리지널	VI 58	[V]
0302	0255	DEUX EX MĀXHINĀ	Ashrount	257		07	14	17	19	blas	blas	blas	blas	FLOOR 오리지널	VI 58	[1W]
0069	0256	All We Need is HAPPY END!!!	polysha	260		07	14	17	19	blas	blas	blas	blas	FLOOR 오리지널	VI 59	[1W]
0486	0257	Glory of Fighters	RoughSkreamZ	240	90	07	14	17	19	blas	blas	blas	blas	FLOOR 오리지널	VI 60	[1W]
1621	0258	フォニイ	ツミキ feat.可不	170		03	11	14	17					VOCALOID	VI 61	카후
2029	0259	過去を喰らう	花譜	187		04	12	15	18					동인 음악	VI 61	
2068	0260	食虫植物	理芽	123		02	10	13	16					동인 음악	VI 61	
1799	0261	少年リップルズ	常盤ゆう	210		06	13	16	18	pcb	pcb	pcb	pcb	jubeat 오리지널	VI 62	
0040	0262	[E]	dj MAX STEROID	152		05	11	14	17	pcb	pcb	pcb	pcb	jubeat 오리지널	VI 62	
1434	0263	アガット	Bazole	200		06	13	16	18	pcb	pcb	pcb	pcb	jubeat 오리지널	VI 62	
1251	0264	Welcome to the Mosh Pit	lapix	172		05	12	15	18	pcb	pcb	pcb	pcb	jubeat 오리지널	VI 62	
0511	0265	HALO	Tatsunoshin	210		07	14	17	19	blas	blas	blas	blas	FLOOR 오리지널	VI 63	
0957	0266	S(TAR)²☆pistol	Mono.	214		06	13	16	18	blas	blas	blas	blas	FLOOR 오리지널	VI 63	
2013	0267	赫焉のヴァルキュリア -Ragnarøk-	ryhki	222		07	14	17	19	blas	blas	blas	blas	FLOOR 오리지널	VI 63	
0263	0268	CUDDLIE CUDDLIE	ゆんゆん	187		05	12	15	17	blas	blas	blas	blas	FLOOR 오리지널	VI 63	
0172	0269	Brave Power Leader 《 = Voltage = 》	概念	205		06	13	16	18	blas	blas	blas	blas	FLOOR 오리지널	VI 63	
2055	0270	零天視	隣の庭は青い(庭師+Aoi)	200		06	13	16	18	blas	blas	blas	blas	FLOOR 오리지널	VI 63	
1526	0271	ステラ・イミグレーション	後藤 feat. リリカ	210	170	05	12	15	17	blas	blas	blas	blas	FLOOR 오리지널	VI 63	
0463	0272	Garland	ミハイル + K.key	217		06	12	15	18	blas	blas	blas	blas	FLOOR 오리지널	VI 63	
1078	0273	SuddeИDeath	xi vs. モリモリあつし	236		08	15	18	20	blas	blas	blas	blas	FLOOR 오리지널	VI 63	
1685	0274	リリーゼと炎龍レーヴァテイン	黒猫ダンジョン	200		06	13	16	18	pcb	pcb	pcb	pcb	REFLEC BEAT 오리지널	VI 64	
0896	0275	quaver♪	Risk Junk	186	182	06	13	16	18	pcb	pcb	pcb	pcb	REFLEC BEAT 오리지널	VI 64	
0056	0276	Aerial Skydive	Dirty Androids	175		05	12	15	17	pcb	pcb	pcb	pcb	REFLEC BEAT 오리지널	VI 64	
0147	0277	Black or Red?	コスモドライバー join. shully & Nimo	157		05	12	15	17	pcb	pcb	pcb	pcb	REFLEC BEAT 오리지널	VI 64	
0448	0278	FUJIMORI -祭- FESTIVAL	VENUS	158		03	11	14	17	pcb	pcb	pcb	pcb	REFLEC BEAT 오리지널	VI 64	
1349	0279	いでぃおで結構！	諸星なな feat.加藤はるか	151		04	12	14	17				pcb	FLOOR 오리지널	VI 65	
1443	0280	アルファ・スカイ	みーに feat. しろさきあや	210		04	13	15	17				pcb	FLOOR 오리지널	VI 65	
0210	0281	Chocolate Planet (いるちょこRemix)	irucaice feat. ちょこ	185		05	12	15	17				pcb	FLOOR 리믹스	VI 65	
1305	0282	Zero-Day Exploit(One-Day Fusion Mix)	庭師	151		06	12	15	18				pcb	FLOOR 리믹스	VI 65	
0319	0283	Distorted Floor -Boosted-	M-UE vs. siromaru	166		06	13	16	18				pcb	FLOOR 리믹스	VI 65	
1613	0284	ヒバナ-Reloaded-	DECO*27	200		02	11	14	17					VOCALOID	VI 65	미쿠
0527	0285	Hello, Hologram	HIMEHINA	181		04	12	15	18					HIMEHINA 콜라보레이션	VI 65	
1278	0286	WWW	HIMEHINA	146		03	10	14	17					HIMEHINA 콜라보레이션	VI 65	
0372	0287	ENERGY SYNERGY MATRIX	Tanchiky	160		05	12	16	18				pcb	BMS	VI 65	
0157	0288	Blossom	Synthion	175		05	12	16	18				pcb	동인 음악	VI 65	
1649	0289	マツヨイナイトバグ	ビートまりおとまろん	190		05	13	16	18					동방 프로젝트	VI 66	원곡: 蠢々秋月　～ Mooned Insect
0680	0290	Lost Emotion feat. nomico	Alstroemeria Records	172		03	11	14	17					동방 프로젝트	VI 66	원곡: 亡失のエモーション
1928	0291	無意識レクイエム	森羅万象	195		04	12	15	17					동방 프로젝트	VI 66	원곡: ハルトマンの妖怪少女
1929	0292	無意識レクイエム (cosmobsp rmx)	cosMo@暴走P (original arranged by 森羅万象)	230		06	14	16	19	sp	sp	sp	sp	동방 프로젝트	VI 66	원곡: ハルトマンの妖怪少女
1895	0293	機械仕掛けの魔法使い	Tsubusare BOZZ feat.madoka*	120		04	11	14	17				pcb	FLOOR 오리지널	VI 67	
1784	0294	天穹のアルカナビット	打打だいず + Tanchiky + siromaru	280	230	06	13	16	18				pcb	FLOOR 오리지널	VI 67	
0440	0295	For.*tune	Capchii × low meow × Uzumaki	205		05	11	14	17				pcb	FLOOR 오리지널	VI 67	
0186	0296	CadenzaMaiden	u-z feat.紫咲ほたる	290	145	05	12	16	18				pcb	FLOOR 오리지널	VI 67	
0919	0297	Redo／アニメ「Re:ゼロから始める異世界生活」より	鈴木このみ	190		02	10	14	17					POPS&아니메	VI 68	
0269	0298	D.I.X.	日夜すずり feat. 凜々	1080	70	06	13	16	18				pcb	FLOOR 오리지널	VI 69	
0988	0299	Second Game	Tracy feat. miko	185		05	11	14	17				pcb	FLOOR 오리지널	VI 69	
0615	0300	Juωpscare!!	coTatsu	128	90	06	12	15	18				pcb	FLOOR 오리지널	VI 69	
0872	0301	PRIDE of the FIREBALL	かぼちゃ feat. CO-DA	206		05	12	15	17				pcb	FLOOR 오리지널	VI 69	
1598	0302	ハッピーエンド	technoplanet feat. Kuroto Sion	267	230	06	13	16	18				pcb	FLOOR 오리지널	VI 69	
0910	0303	Realize／アニメ「Re:ゼロから始める異世界生活」より	鈴木このみ	206		03	09	14	17					POPS&아니메	VI 69	
1736	0304	凛として咲く花の如く	大神ミオ	163		03	11	14	17					오오카미 미오 콜라보레이션	VI 70	
0850	0305	Pixelated Platform (Super Honey!)	そよもぎ	216		05	12	15	17				pcb	FLOOR 리믹스	VI 71	
1108	0306	The EXworld of sound	Remix by Aoi, Vocal by Kuroa*	222		06	13	16	18				pcb	FLOOR 리믹스	VI 71	
1571	0307	トーキョーサマーナイト（華金Remix）	あまみ×ひなみ	163		04	12	14	17				pcb	FLOOR 리믹스	VI 71	
1742	0308	劇場版ムーニャポヨポヨスッポコニャーゴ~侵略だいず帝国！ドラマティック宇宙大戦争~	打打だいず	210	140	06	13	16	18				pcb	FLOOR 리믹스	VI 71	
1004	0309	Shera	MYUKKE.	150		05	12	15	18	pcb	pcb	pcb	pcb	MÚSECA 오리지널	VI 72	
0866	0310	Prayer	溝口ゆうま feat. 大瀬良あい	183		06	12	15	18	pcb	pcb	pcb	pcb	MÚSECA 오리지널	VI 72	
0140	0311	birth	Yu_Asahina	220	200	06	13	16	18	pcb	pcb	pcb	pcb	MÚSECA 오리지널	VI 72	
1352	0312	うぇるかむ -||祭みっくす||-	忠兵衛	220	125	06	13	16	18				pcb	FLOOR 리믹스	VI 73	
0049	0313	Absurd Gaff (Metallize Remix)	Metal Giant	220		07	14	17	19				pcb	FLOOR 리믹스	VI 73	
1356	0314	おちゃめ機能	ゴジマジP feat. 重音テト	150		03	11	14	17					VOCALOID	VI 74	테토
1362	0315	おねがいダーリン	OИE	180		03	12	15	17					VOCALOID	VI 74	ONE
1325	0316	ΣMERGENCY CODΣ	概念	205		06	13	16	18	hexa	hexa	hexa	hexa	SDVX 오리지널	VI 75	HEXA DIVER
0708	0317	Marielle	ゆんゆん	234		06	13	16	18	hexa	hexa	hexa	hexa	SDVX 오리지널	VI 75	HEXA DIVER
1816	0318	忘れないように、失くさないように	Mono.	208	150	05	13	16	18	hexa	hexa	hexa	hexa	SDVX 오리지널	VI 75	HEXA DIVER
0154	0319	BLISS	ミハイル + K.key	210	190	05	13	16	18	hexa	hexa	hexa	hexa	SDVX 오리지널	VI 75	HEXA DIVER
0176	0320	Breakneck Pursuit	Ashrount	210		07	14	17	19	hexa	hexa	hexa	hexa	SDVX 오리지널	VI 75	HEXA DIVER
1047	0321	Spectacular“V”Adventure!	Enterskip	264	238	07	14	17	19	hexa	hexa	hexa	hexa	SDVX 오리지널	VI 75	HEXA DIVER
0089	0322	APØCALYPSE RAY	xi	212		08	15	18	20	hexa	hexa	hexa	hexa	SDVX 오리지널	VI 75	HEXA DIVER
1417	0323	ませまてぃっく♡ま＋ま＝まじっく！　～徹夜の追込みエナジーまっくす！～	KAH feat.こにゃばた	251		06	13	16	18				pcb	FLOOR 리믹스	VI 76	
1228	0324	Voice 7 Voice!!!!!!!	かめりあ feat. ななひら	150		06	13	16	18				pcb	FLOOR 리믹스	VI 76	
0278	0325	Dawn of Asia(Alkome Remix)	Alkome	188		05	12	15	17				pcb	FLOOR 리믹스	VI 76	
0293	0326	Demetel (Erixa ”MYTH” Remix)	Erixa	150		05	11	14	17				pcb	FLOOR 리믹스	VI 76	
0805	0327	One More Lovely	Risk Junk	200		07	14	17	19	pcb	pcb	pcb	pcb	beatmania IIDX 오리지널	VI 77	
0620	0328	KAMAITACHI	DJ TECHNORCH fw. GUHROOVY	165		06	13	16	18	pcb	pcb	pcb	pcb	beatmania IIDX 오리지널	VI 77	
0435	0329	Follow Tomorrow	HHH×MM×ST	140		04	10	14	17	pcb	pcb	pcb	pcb	beatmania IIDX 오리지널	VI 77	
0354	0330	Element of SPADA	猫叉Master feat.霜月はるか	170		05	11	14	17	pcb	pcb	pcb	pcb	beatmania IIDX 오리지널	VI 77	
0074	0331	Amazing Mirage	lapix	153		05	12	15	18	pcb	pcb	pcb	pcb	beatmania IIDX 오리지널	VI 77	
0855	0332	Please Welcome Mr.C	C-Show	230		06	13	16	18	pcb	pcb	pcb	pcb	beatmania IIDX 오리지널	VI 77	
0379	0333	Enter The Rave	Tatsunoshin	160		5	13	16	18	hexa	hexa	hexa	hexa	SDVX 오리지널	VI 78	HEXA DIVER
1684	0334	リュミレイラ	後藤 feat. nayuta	207		5	13	16	18	hexa	hexa	hexa	hexa	SDVX 오리지널	VI 78	HEXA DIVER
1745	0335	十三不塔	隣の卓は役満(庭師+Aoi)	203		6	13	16	18	hexa	hexa	hexa	hexa	SDVX 오리지널	VI 78	HEXA DIVER
0999	0336	SHARK IMPACT	ryhki	165		6	13	16	18	hexa	hexa	hexa	hexa	SDVX 오리지널	VI 78	HEXA DIVER
0077	0337	and After the Merry BADEND	polysha	192	64	7	14	17	19	hexa	hexa	hexa	hexa	SDVX 오리지널	VI 78	HEXA DIVER
1181	0338	Undead Raving Scare	RoughSkreamZ	250	165	7	14	17	19	hexa	hexa	hexa	hexa	SDVX 오리지널	VI 78	HEXA DIVER
0524	0339	HeaveИ's Rain	モリモリあつし	285		8	15	18	20	hexa	hexa	hexa	hexa	SDVX 오리지널	VI 78	HEXA DIVER
1881	0340	朧	白上フブキ	149		04	11	14	17					시라카미 후부키 콜라보레이션	VI 79	
0974	0341	Say!ファンファーレ!	白上フブキ	170		02	09	14	17					시라카미 후부키 콜라보레이션	VI 79	
0628	0342	KINGWORLD	白上フブキ	240		05	12	15	18					시라카미 후부키 콜라보레이션	VI 79	
0512	0343	Happiness World	BABACORN(宝鐘マリン/白上フブキ)	150		03	10	13	16					시라카미 후부키 콜라보레이션	VI 79	
1360	0344	おにけもだんす	いろはにほへっと あやふぶみ(白上フブキ/百鬼あやめ/大神ミオ)	197		04	12	14	17					시라카미 후부키 콜라보레이션	VI 79	
1578	0345	ドリームエンド・サバイバー(Hidra-Xjeil Remix)	Hidra-Xjeil	215		06	12	15	18				pcb	FLOOR 리믹스	VI 80	
0473	0346	GEROL (Yooh Remix)	Yooh	145		05	12	15	17				pcb	FLOOR 리믹스	VI 80	
0687	0347	Lovesick Lovetune(brz_style)	brz1128 feat.しろさきあや	170		04	11	14	17				pcb	FLOOR 리믹스	VI 80	
0976	0348	Sayonara Planet Wars (Sot-C Remix)	Sot-C	224		06	13	16	18				pcb	FLOOR 리믹스	VI 80	
1640	0349	ポジティブ☆ダンスタイム	キノシタ feat.音街ウナ・鏡音リン	210		04	11	14	17					VOCALOID	VI 81	우나/린
1641	0350	ポッピンキャンディ☆フィーバー！	キノシタ feat.音街ウナ・鏡音リン	190		03	12	15	17					VOCALOID	VI 81	우나/린
1138	0351	TOKAKU=ALMiRAJ	MYUKKE.	170		06	12	15	18	hexa	hexa	hexa	hexa	FLOOR 오리지널	VI 82	HEXA DIVER이전에 출시된 챕터들을 전부 해금해야 오픈됨. 난이도 무관.
1690	0352	レインボウ・フレーバー	みーに feat. 杠葉えりか	140		06	12	15	18	hexa	hexa	hexa	hexa	FLOOR 오리지널	VI 82	HEXA DIVER이전에 출시된 챕터들을 전부 해금해야 오픈됨. 난이도 무관.
0038	0353	=∴NOMADE∵OTION=	qfeileadh + yuichi NAGAO	250		06	13	16	18	hexa	hexa	hexa	hexa	FLOOR 오리지널	VI 82	HEXA DIVER이전에 출시된 챕터들을 전부 해금해야 오픈됨. 난이도 무관.
2047	0354	随神	影虎。	163		06	13	16	18	hexa	hexa	hexa	hexa	FLOOR 오리지널	VI 82	HEXA DIVER이전에 출시된 챕터들을 전부 해금해야 오픈됨. 난이도 무관.
0823	0355	OVEЯ+TUЯE	kanone VS nora2r	244		07	14	17	19	hexa	hexa	hexa	hexa	FLOOR 오리지널	VI 82	HEXA DIVER이전에 출시된 챕터들을 전부 해금해야 오픈됨. 난이도 무관.
0181	0356	Burst Λnd reBoost	めと（Metomate)	232	203	07	14	17	19	hexa	hexa	hexa	hexa	FLOOR 오리지널	VI 82	HEXA DIVER이전에 출시된 챕터들을 전부 해금해야 오픈됨. 난이도 무관.
1320	0357	Λkasha	BlackY feat. Risa Yuzuki	180		08	15	18	20	hexa	hexa	hexa	hexa	FLOOR 오리지널	VI 82	HEXA DIVER이전에 출시된 챕터들을 전부 해금해야 오픈됨. 난이도 무관.
1643	0358	ポラリスノウタ	ここなつ2.0	170		03	10	14	17					히나비타♪ / 반메시♪	VI 83	
1393	0359	ちくわパフェだよ☆ＣＫＰ (Yvya Remix)	Remixed by  "Yvya"	205		05	12	15	18	lim	lim	lim	lim	히나비타♪ / 반메시♪	VI 83	
1423	0360	めうめうぺったんたん！！ (ZAQUVA Remix)	Remixed by  "ZAQUVA"	200		05	13	16	18	lim	lim	lim	lim	히나비타♪ / 반메시♪	VI 83	
0215	0361	Circuit Surfer	kors k	230		07	14	17	19				pcb	동인 음악	VI 84	
1502	0362	コントレイル	葛葉	172		03	11	14	17					니지산지 콜라보레이션	VI 85	
1220	0363	Virtual to LIVE	にじさんじ	156		02	10	14	17					니지산지 콜라보레이션	VI 85	
1445	0364	アンチグラビティ・ガール	月ノ美兎	178		04	12	15	18					니지산지 콜라보레이션	VI 85	
1247	0365	We Are All The Dreamer	Hommarju ft. かぼちゃ	148		05	12	15	18	blas	blas	blas	blas	FLOOR 오리지널	VI 86	[1W]
0327	0366	Double or Nothing	Tatsunoshin	175		06	13	16	18	blas	blas	blas	blas	FLOOR 오리지널	VI 86	[1W]
1567	0367	トリコエリヌム▽コンチェルト	qfeileadh	222		06	13	16	18	blas	blas	blas	blas	FLOOR 오리지널	VI 87	[1W]
1983	0368	群青纏う朱の槍	めと（Metomate）	230	220	06	13	16	18	blas	blas	blas	blas	FLOOR 오리지널	VI 87	[1W]
0212	0369	CHOVERY GOOSE!!!	MYUKKE.	180		05	12	15	18	blas	blas	blas	blas	FLOOR 오리지널	VI 87	[1W]
1191	0370	V!LLA!N	Kaname	210		05	12	15	18	blas	blas	blas	blas	FLOOR 오리지널	VI 88	[1W]
1145	0371	TOYBOX CANNØN=͟͟͞ Σ≡=｡ﾟ:*.:+｡.☆	Mono.	234		06	13	16	18	blas	blas	blas	blas	FLOOR 오리지널	VI 88	[1W]
0802	0372	ON THE WORLD	Yuta Imai	255		06	13	16	18	blas	blas	blas	blas	FLOOR 오리지널	VI 88	[1W]
1994	0373	花火のおもちゃ箱	Yu-dachi	176		05	12	15	18	blas	blas	blas	blas	FLOOR 오리지널	VI 89	[1W]
1450	0374	イグジスター	東雲蛍 feat. はぁち	176		06	12	16	18	blas	blas	blas	blas	FLOOR 오리지널	VI 89	[1W]
0635	0375	La Nostra Storia!	polysha w/ mikanzil	246		06	13	16	18	blas	blas	blas	blas	FLOOR 오리지널	VI 89	[1W]
1424	0376	もぐもぐYUMMY！	猫又おかゆ	140		02	09	14	17					네코마타 오카유 콜라보레이션	VI 89	
1898	0377	毒杯スワロウ	猫又おかゆ	140		04	12	15	18					네코마타 오카유 콜라보레이션	VI 89	
1474	0378	カミサマ・ネコサマ	猫又おかゆ	185		03	10	14	17					네코마타 오카유 콜라보레이션	VI 89	
1495	0379	グリーディ・スターズ！	みーに feat. しろさきあや	260		05	12	15	18	blas	blas	blas	blas	FLOOR 오리지널	VI 90	[1W]
0306	0380	Di-Da-De-Doo	Yu_Asahina ft.Mizutama	144		05	13	15	18	blas	blas	blas	blas	FLOOR 오리지널	VI 90	[1W]
0173	0381	Break Through Δpex	Halv feat.Kuroa*	210	190	06	13	16	18	blas	blas	blas	blas	FLOOR 오리지널	VI 90	[1W]
0685	0382	LOVE TONIC	影虎。	165		05	12	15	18	blas	blas	blas	blas	FLOOR 오리지널	VI 91	[1W]
0574	0383	Inevitable Magic	Alkome	170		06	13	16	18	blas	blas	blas	blas	FLOOR 오리지널	VI 91	[1W]
0099	0384	Ars Magna	Riz	269		06	13	16	18	blas	blas	blas	blas	FLOOR 오리지널	VI 91	[1W]
1245	0385	waxing and wanding	靑龍	191		06	13	16	18	pcb	pcb	pcb	pcb	beatmania IIDX 오리지널	VI 91	
1946	0386	異次元の孤独~カナタノキミへ~	RoughSkreamZ feat. Sennzai	250		06	13	16	18	blas	blas	blas	blas	FLOOR 오리지널	VI 92	[1W]
1096	0387	SΛMVICΛ	seatrus -Reborn-	245		06	13	16	18	blas	blas	blas	blas	FLOOR 오리지널	VI 92	[1W]
0759	0388	MΔX FLAVØR	EmoCosine overlay	261	125	06	14	16	18	blas	blas	blas	blas	FLOOR 오리지널	VI 92	[1W]
0249	0389	Crawl Out Immortal	U-ske feat.Parfaitty	192		05	12	15	18	blas	blas	blas	blas	FLOOR 오리지널	VI 92	[1W]
1280	0390	Xeno Gravity	xi	286		07	14	17	19	sp	sp	sp	sp	FLOOR 오리지널	VI 93	
0266	0391	Cuz we <3 this Game	打打だいず	333	276	07	14	17	19	sp	sp	sp	sp	FLOOR 오리지널	VI 93	
0765	0392	NEMSYS ARENA World Hexathlon	隣の庭は青い(庭師+Aoi)	190		08	15	18	20	sp	sp	sp	sp	FLOOR 오리지널	VI 93	
0630	0393	Knew Order	あまみ×ひなみ	195		04	13	16	18	lim	lim	lim	lim	FLOOR 오리지널	VI 94	
0391	0394	Ex concordia felicitas	Connexio	205		05	12	15	18	lim	lim	lim	lim	FLOOR 오리지널	VI 94	
0097	0395	ARISE	Juggernaut.	256		07	14	17	19	lim	lim	lim	lim	FLOOR 오리지널	VI 94	
0070	0396	Allegro Saetta	天束 vs. siromaru	182		07	14	17	19	lim	lim	lim	lim	FLOOR 오리지널	VI 94	
0235	0397	Colorful Magical Parade	Tsubusare BOZZ feat. madoka*	160		05	12	15	17	lim	lim	lim	lim	FLOOR 오리지널	VI 94	
0787	0398	NO SURRENDER	493Water	160		06	13	16	18	lim	lim	lim	lim	FLOOR 오리지널	VI 94	
1628	0399	プリュネシエル	瀬名 feat. 音羽ことり。	190		04	11	14	17	lim	lim	lim	lim	FLOOR 오리지널	VI 94	
1066	0400	StellarflightS	otoshi.b	225		06	13	16	18	lim	lim	lim	lim	FLOOR 오리지널	VI 94	
1458	0401	ウイジン	CHUBAY as "NOVICE"	190		06	12	15	18	lim	lim	lim	lim	FLOOR 오리지널	VI 94	
1308	0402	{ eXLIPXe }	{ かめりあ }	271		08	15	18	20	lim	lim	lim	lim	FLOOR 오리지널	VI 94	
0134	0403	BEMANI PRO LEAGUE -SEASON 2-SOUND VOLTEX ULTIMATE MEDLEY	FLOOR LEGENDS -BPL S2 SDVX-	215		06	13	16	19	lim	lim	lim	lim	FLOOR 스페셜	VI 94	
1118	0404	The setting sun(burst)	nozakita kazumi	141		04	12	15	17				pcb	FLOOR 리믹스	VI 95	
0465	0405	Gate of Atlantis (Vocal ∞ Mix)	MasKaleido feat. ぁゅ	240	8	05	12	15	17				pcb	FLOOR 리믹스	VI 95	
0088	0406	Appliqué(Vocal Remix)	nonomori feat. Nanao	224		06	12	15	18				pcb	FLOOR 리믹스	VI 95	
0711	0407	Max Burning!!(GαineN Beyond yΩu Remix)	概念	200		06	13	16	18				pcb	FLOOR 리믹스	VI 95	
1837	0408	愛昧ショコラーテ	角巻わため	135		02	09	13	16					츠노마키 와타메 콜라보레이션	VI 96	
1866	0409	曇天羊	角巻わため	135		03	10	14	17					츠노마키 와타메 콜라보레이션	VI 96	
0756	0410	My song	角巻わため	188		05	12	15	18					츠노마키 와타메 콜라보레이션	VI 96	
1253	0411	What an amazing swing	角巻わため	125		04	11	15	17					츠노마키 와타메 콜라보레이션	VI 96	
0521	0412	HEAVEN KNOWS	U-ske feat.石橋桃	275		06	12	15	18				pcb	FLOOR 오리지널	VI 97	
1702	0413	七七七夕	Mono. + uynet	192		06	13	16	18				pcb	FLOOR 오리지널	VI 97	
1299	0414	You Only Live Twice	Sephid feat. aria	185		05	12	15	17				pcb	FLOOR 오리지널	VI 97	
0627	0415	King's Gambit	brz1128	195		06	13	16	18				pcb	FLOOR 오리지널	VI 97	
1211	0416	Vigor(siqlo's Hi-Tech Veats)	siqlo	154		05	11	14	17				pcb	FLOOR 리믹스	VI 98	
0981	0417	Scarlet Pinheel -appassionato-	BlackY	168		06	13	16	18				pcb	FLOOR 리믹스	VI 98	
1655	0418	ミュージックプレイヤー （J-pop Remix）	technoplanet feat. Risa Yuzuki	236		06	13	16	18				pcb	FLOOR 리믹스	VI 98	
1358	0419	おにいちゃんグリッチホップ ～eternal love remix～	HOUJIROU feat. 杠葉えりか	110		03	12	14	17				pcb	FLOOR 리믹스	VI 98	
1269	0420	WobbleTangleFestival (影虎。 & ikaruga_nex's HDM RMX)	影虎。 & ikaruga_nex	155		04	12	15	17				pcb	FLOOR 리믹스	VI 98	
1877	0421	月明りの旅人たち	coTatsu	137		04	11	14	17	tama	tama	tama	tama	FLOOR 오리지널	VI 99	TAMA네코 어드벤처
1561	0422	トキノコエト	setu-O meets 駄々子	210		06	12	15	18	tama	tama	tama	tama	FLOOR 오리지널	VI 99	TAMA네코 어드벤처
1092	0423	Sweetie Beauti Magic	打打だいず feat.凜々	285	150	06	13	16	18	tama	tama	tama	tama	FLOOR 오리지널	VI 99	TAMA네코 어드벤처
1167	0424	Two of Wonder Lights	technoplanet feat. Tamako Kinoshita	264		06	13	16	18	tama	tama	tama	tama	FLOOR 오리지널	VI 99	TAMA네코 어드벤처
0380	0425	Entropic EnĤαncemEnt	CHUBAY	254		07	14	17	19	tama	tama	tama	tama	FLOOR 오리지널	VI 99	TAMA네코 어드벤처
0962	0426	SAD1STIC Я04D	Enterskip	292		07	14	17	19	tama	tama	tama	tama	FLOOR 오리지널	VI 99	TAMA네코 어드벤처
1296	0427	XΛLT=ØVER	Ashrount	321		07	14	17	19	tama	tama	tama	tama	FLOOR 오리지널	VI 99	TAMA네코 어드벤처
0541	0428	Hopscotch	GrivR.	175		05	12	15	17				pcb	FLOOR 오리지널	VI 100	
1432	0429	アイの雫	kuro	261		06	13	16	18				pcb	FLOOR 오리지널	VI 100	
2033	0430	邪魔をしないで	Symholic feat.狛茉璃奈	188	155	04	12	15	17				pcb	FLOOR 오리지널	VI 100	
0071	0431	Almandite	7mai	207		06	13	16	18				pcb	FLOOR 오리지널	VI 100	
1896	0432	残像ニ繋ガレタ追憶ノHIDEAWAY	SOUND HOLIC Vs.  "KE!JU" feat. Nana Takahashi	160		03	11	14	17					동방 프로젝트 × BEMANI	VI 101	원곡 : 亡き王女の為のセプテット, 月時計 ～ ルナ･ダイアル, フラワリングナイト
1082	0433	SUPER HEROINE!!	Amateras Records vs  "TATSUYA" feat. miko	186		03	12	15	17	tama	tama	tama	tama	동방 프로젝트 × BEMANI	VI 101	TAMA네코 어드벤처원곡 : 少女綺想曲 ～ Dream Battle, 恋色マスタースパーク
2042	0434	閉塞的フレーション	Pizuya's Cell VS  "dj TAKA"	176		04	12	15	18	tama	tama	tama	tama	동방 프로젝트 × BEMANI	VI 101	TAMA네코 어드벤처원곡 : U.N.オーエンは彼女なのか？
1810	0435	弾幕信仰	豚乙女× "PON"	170		05	13	16	18	tama	tama	tama	tama	동방 프로젝트 × BEMANI	VI 101	TAMA네코 어드벤처원곡 : 稲田姫様に𠮟られるから, 封印されし神々, 麓の神社
1310	0436	¡¡Fanta∽cramble!!	Potwi	154	110	05	12 	15	17				pcb	FLOOR 오리지널	VI 102	
1597	0437	ハガネノツルギ	coTatsu	144		05	12	15	17				pcb	FLOOR 오리지널	VI 102	
1341	0438	∞vitUniverse	Lime	234		06	13	16	18				pcb	FLOOR 오리지널	VI 102	
1248	0439	We Are GamerZ!	Ninja Never DieS!	210		06	13	16	18				pcb	FLOOR 오리지널	VI 102	
1227	0440	Voice 2 Voice n Voice	Acotto	157		05	12	15	17				pcb	FLOOR 리믹스	VI 103	
0442	0441	Four Leaves (Whitelily. remix)	Whitelily.(みーに&しろさきあや)	191		04	11	14	17				pcb	FLOOR 리믹스	VI 103	
0482	0442	GIGI BABA(brz_style)	brz1128	180		05	12	15	18				pcb	FLOOR 리믹스	VI 103	
0007	0443	PANIC HOLIC (かめりあ's "24600 POWER" Remix)	かめりあ	246		06	13	16	18				pcb	FLOOR 리믹스	VI 103	
0504	0444	Growing Up／アニメ「この素晴らしい世界に祝福を！3」より	Machico	190		03	10	14	17					POPS&아니메	VI 103	
1377	0445	こどもかくしのアンダーランド	iru feat. 桃寝ちのい	183		06	13	16	18	hexa	hexa	hexa	hexa	FLOOR 오리지널	VI 104	HEXA DIVERCODE:DimiourGEAR 까지의 챕터들과는 별개의 챕터이며, 폴더도 나누어져 있다.
1841	0446	憧憬のファンファーレ	CHUBAY	276		06	13	16	18	hexa	hexa	hexa	hexa	FLOOR 오리지널	VI 104	HEXA DIVERCODE:DimiourGEAR 까지의 챕터들과는 별개의 챕터이며, 폴더도 나누어져 있다.
0566	0447	Imitated Visions	荒谷サトル	150		06	13	16	18	hexa	hexa	hexa	hexa	FLOOR 오리지널	VI 104	HEXA DIVERCODE:DimiourGEAR 까지의 챕터들과는 별개의 챕터이며, 폴더도 나누어져 있다.
1385	0448	すべてを賭して	ke-ji	278	228	06	13	16	18	hexa	hexa	hexa	hexa	FLOOR 오리지널	VI 104	HEXA DIVERCODE:DimiourGEAR 까지의 챕터들과는 별개의 챕터이며, 폴더도 나누어져 있다.
1287	0449	Xinca	隣の庭は青い(庭師+Aoi)	235		07	14	17	19	hexa	hexa	hexa	hexa	FLOOR 오리지널	VI 104	HEXA DIVERCODE:DimiourGEAR 까지의 챕터들과는 별개의 챕터이며, 폴더도 나누어져 있다.
0598	0450	JACK -the KING Ki11ing-	打打だいず vs. siromaru	311		07	14	17	19	hexa	hexa	hexa	hexa	FLOOR 오리지널	VI 104	HEXA DIVERCODE:DimiourGEAR 까지의 챕터들과는 별개의 챕터이며, 폴더도 나누어져 있다.
0324	0451	Don't you dare play GOD	technoplanet feat. Tamako Kinoshita	500	240	08	15	18	20	hexa	hexa	hexa	hexa	FLOOR 오리지널	VI 104	HEXA DIVERCODE:DimiourGEAR 까지의 챕터들과는 별개의 챕터이며, 폴더도 나누어져 있다.
0059	0452	Ahoy!! 我ら宝鐘海賊団☆	宝鐘マリン	170		04	12	15	18					호쇼 마린 콜라보레이션	VI 105	
0597	0453	I’m Your Treasure Box＊あなたは マリンせんちょうを たからばこからみつけた。	宝鐘マリン	120	75	03	10	14	17					호쇼 마린 콜라보레이션	VI 105	
1981	0454	美少女無罪♡パイレーツ	宝鐘マリン	170		02	11	15	17					호쇼 마린 콜라보레이션	VI 105	
1807	0455	幽霊船戦	宝鐘マリン	160		05	13	16	18					호쇼 마린 콜라보레이션	VI 105	
0206	0456	Chewingood!!!	TORIENA	190		05	12	15	17	pcb	pcb	pcb	pcb		X-record (크로스 레코드)	[V]
1204	0457	Verflucht	Tyrfing	180		06	13	16	18	pcb	pcb	pcb	pcb		X-record (크로스 레코드)	[V]
1555	0458	ディスコルディア	ぺのれり vs.  "HuΣeR"	280	180	07	14	17	19	pcb	pcb	pcb	pcb		X-record (크로스 레코드)	[V]
0404	0459	Fegrix	Xceon vs DJ Command (Eurobeat Union)	175		06	13	16	18	pcb	pcb	pcb	pcb		X-record (크로스 레코드)	[V]
	0460	ピアノ協奏曲第１番 "蠍火"	virkato	188	165	07	14	17	19	pcb	pcb	pcb	pcb		X-record (크로스 레코드)	[V]
0026	0461	2 Beasts Unchained	kors k vs Yooh	175		07	14	17	19	pcb	pcb	pcb	pcb		X-record (크로스 레코드)	[V]
1725	0462	儚キ戀ノ幻想譚	まろん feat.あやぽんず＊(森羅万象)	175		05	12	15	18	pcb	pcb	pcb	pcb		X-record (크로스 레코드)	[V]
1963	0463	禊	Nhato	160		06	13	16	18	pcb	pcb	pcb	pcb		X-record (크로스 레코드)	[V]
1827	0464	恋愛=精度×認識力	立秋 vs.  "L.E.D.-G" feat.ちょこ&ななひら	333	3	07	14	17	19	pcb	pcb	pcb	pcb		X-record (크로스 레코드)	[V]
1471	0465	カジノファイヤーことみちゃん	ARM feat. 山本椛＋Brasscapsule	230		06	13	16	18	pcb	pcb	pcb	pcb		BPL 응원 악곡해금 스탬프 랠리	
1063	0466	STEEL NEEDLE	Scorpion	205		06	13	16	18	pcb	pcb	pcb	pcb		BPL 응원 악곡해금 스탬프 랠리	
0715	0467	MA・TSU・RI	かなたん,アマギセーラ,ぁゅ by  "藤森崇多"	160		04	10	14	17	pcb	pcb	pcb	pcb		BEMANI 2021 한여름의 가합전 5번승부	
0750	0468	MOVE! (We Keep It Movin')	Jonny Dynamite!,Lisa - paint with stars -,Rio Hiiragi by  “U1-ASAMi”	142		04	10	14	17	pcb	pcb	pcb	pcb		BEMANI 2021 한여름의 가합전 5번승부	
0665	0469	LIKE A VAMPIRE	koyomi,星野奏子 by  "TAKA"	276		05	12	15	17	pcb	pcb	pcb	pcb		BEMANI 2021 한여름의 가합전 5번승부	
1532	0470	スーパー戦湯ババンバーン	すわひでお,秋成,かぼちゃ,藍月なくる,NU-KO by  "八戸亀生羅"	187		05	12	15	17	pcb	pcb	pcb	pcb		BEMANI 2021 한여름의 가합전 5번승부	
1848	0471	斑咲花	mami,駄々子 by  "Akhuta Works"	 201	134 	06	12	15	17	pcb	pcb	pcb	pcb		BEMANI 2021 한여름의 가합전 5번승부	
1675	0472	ユメブキ	紫崎 雪,Risa Yuzuki,709sec. by  "PHQUASE & SYUNN"	200		06	13	16	18	pcb	pcb	pcb	pcb		BEMANI 2021 한여름의 가합전 5번승부	
1155	0473	Triple Cross	Produced by  "dj TAKA & DJ YOSHITAKA & SYUNN"	196		06	13	16	18						BEMANI 2021 한여름의 가합전 5번승부	
0058	0474	Aftermath	Produced by  "猫叉Master & あさき & Yvya"	200		05	12	15	17						BEMANI 2021 한여름의 가합전 5번승부	
0422	0475	Flip Flap	kors k	175		04	11	14	17	pcb	pcb	pcb	pcb		리플렉 비트 악곡 스탬프 이벤트	
1259	0476	WICKeD CRφSS	OSTER project	180		06	12	15	17	pcb	pcb	pcb	pcb		리플렉 비트 악곡 스탬프 이벤트	
1046	0477	SPECIAL SUMMER CAMPAIGN!	Lucky Vacuum	168		05	13	16	18	pcb	pcb	pcb	pcb		리플렉 비트 악곡 스탬프 이벤트	
0260	0478	Crystalia	DJ TOTTO	270		06	13	16	18	pcb	pcb	pcb	pcb		리플렉 비트 악곡 스탬프 이벤트	
0221	0479	CLAMARE	MAX MAXIMIZER	224		07	14	17	19	pcb	pcb	pcb	pcb		리플렉 비트 악곡 스탬프 이벤트	
1890	0480	梅雪夜	Qrispy Joybox feat.mao	167		03	11	14	17	lim	lim	lim	lim		리플렉 비트 악곡 스탬프 이벤트	
2079	0481	黒紅掬い	猫叉Master feat.霜月はるか	104		04	12	15	17	lim	lim	lim	lim		리플렉 비트 악곡 스탬프 이벤트	
0251	0482	Crazy Jackpot	Hommarju	170		05	12	15	18	lim	lim	lim	lim		리플렉 비트 악곡 스탬프 이벤트	
0860	0483	Poochie	kors k	110		06	13	16	18	lim	lim	lim	lim		리플렉 비트 악곡 스탬프 이벤트	
0091	0484	ARACHNE	MAX MAXIMIZER	179		06	13	16	18	lim	lim	lim	lim		리플렉 비트 악곡 스탬프 이벤트	
0009	0485	ピアノ独奏無言歌 "灰燼"	 "Virkato Wakhmaninov"	200	100	07	14	17	19	pcb	pcb	pcb	pcb		BEMANI SYMPHONY Concert 2022	
0835	0486	perditus†paradisus	iconoclasm	172		07	14	17	19	pcb	pcb	pcb	pcb		이치카의 뒤범벅 Mix UP!	
1027	0487	Snowmelt	nora2r ×  "Yvya"	222		06	13	16	18	pcb	pcb	pcb	pcb		이치카의 뒤범벅 Mix UP!	
0039	0488	[ ]DENTITY	HuΣeR	200		07	14	17	19	pcb	pcb	pcb	pcb		이치카의 뒤범벅 Mix UP!	SDVX × IIDX
1256	0489	White Stream	ZAQUVA	222		06	13	16	18	pcb	pcb	pcb	pcb		이치카의 뒤범벅 Mix UP!	SDVX × GITADORA
1229	0490	VOLAQUAS	DJ TOTTO VS 兎々	212		07	14	17	19	pcb	pcb	pcb	pcb		이치카의 뒤범벅 Mix UP!	
0108	0491	Awakening Wings	伊達朱里紗	190		04	12	14	17						eMAH-JONG 마작 파이트 클럽 PRO TOURNAMENT	
1543	0492	チェイスチェイスジョーカーズのうた	カギコ&チノン（CV:金元寿子&大空直美）	185		04	11	14	17	pcb	pcb	pcb	pcb		체이스 체이스 조커즈 × SOUND VOLTEX 콜라보레이션	[J]
1610	0493	パーフェクトイーター	 "PON" feat.かなたん	175		03	12	15	18	lim	lim	lim	lim		KAC 2023 엔트리 특전 악곡	
1975	0494	累乗のカルマ	めと（Metomate）	178		05	13	16	18	lim	lim	lim	lim		KAC 2023 엔트리 특전 악곡	예선 라운드 A
1075	0495	Stylus	 "HuΣeR"	165		06	13	16	18	lim	lim	lim	lim		KAC 2023 엔트리 특전 악곡	예선 라운드 B
0892	0496	QQ	 "PHQUASE & ZAQUVA"	199		07	14	17	19	lim	lim	lim	lim		KAC 2023 엔트리 특전 악곡	예선 라운드 B
1065	0497	stellar rain	 "PHQUASE"	148		04	12	15	18	pcb	pcb	pcb	pcb		BEMANI PRO LEAGUE -SEASON 3- Triple Tribe	
1114	0498	THE PEERLESS UNDER HEAVEN	Yuta Imai Vs.  “L.E.D.-G”	170		06	13	16	18	pcb	pcb	pcb	pcb		BEMANI PRO LEAGUE -SEASON 3- Triple Tribe	
1087	0499	suspicions	 "猫叉Master VS dj TAKA"	153		06	13	16	18	pcb	pcb	pcb	pcb		BEMANI PRO LEAGUE -SEASON 3- Triple Tribe	
1394	0500	ちょえちょえまぎか	Pizuya's Cell	180		04	12	15	17	lim	lim	lim	lim		BEMANI PRO LEAGUE -SEASON 3- Triple Tribe	[V]
0289	0501	Deep tenDon Reflex	 "Coyaan"	180		06	13	16	18	lim	lim	lim	lim		BEMANI PRO LEAGUE -SEASON 3- Triple Tribe	[V]
0075	0502	Ambivalent Vermilia	 "二代目朱雀 feat.朱雀"	185		07	14	17	19	lim	lim	lim	lim		BEMANI PRO LEAGUE -SEASON 3- Triple Tribe	[V]
0238	0503	Come to Life	ARM (IOSYS) feat. Nicole Curry	180		06	13	16	18	lim	lim	lim	lim		BEMANI PRO LEAGUE -SEASON 4- Triple Tribe	[V]
1030	0504	SOLAR ECLIPSE	Yuta Imai Vs.  "Yvya"	195		07	14	17	19	lim	lim	lim	lim		BEMANI PRO LEAGUE -SEASON 4- Triple Tribe	[V]
0246	0505	COSMIC V3LOCITY	 "Coyaan & KE!JU & ZAQUVA"	200		07	14	17	19	lim	lim	lim	lim		BEMANI PRO LEAGUE -SEASON 4- Triple Tribe	[V]
0164	0506	Blφφdy Cφncertφ	OSTER project & RoughSketch	210		06	13	16	18	lim	lim	lim	lim		MYSTICAL Re:UNION	
0813	0507	OROCHI STRIKE	Hommarju &  "兎々"	200	50	06	13	16	18	lim	lim	lim	lim		MYSTICAL Re:UNION	
0661	0508	Lichtsäule	かめりあ &  "PHQUASE"	215		07	14	17	19	lim	lim	lim	lim		MYSTICAL Re:UNION	
0927	0509	REINCARNATION	P*Light	220		07	14	17	19	lim	lim	lim	lim		MYSTICAL Re:UNION	
0907	0510	Re:RHYZE	beatnation RHYZE	200		06	13	16	18	lim	lim	lim	lim		MYSTICAL Re:UNION	
	0511	Caldwell 99	BlackY	142		06	13	16	18					BEMANI 오리지널	MYSTICAL Re:UNION	
	0512	シュレーディンガーの猫	Cait Sith	187		07	14	17	19					pop'n music 오리지널	MYSTICAL Re:UNION	
	0513	焔華	movies(moimoi×Xceon×Dai.)	160		04	11	14	17					pop'n music 오리지널	MYSTICAL Re:UNION	
	0514	Timepiece phase II	佐々木博史	287		07	14	17	19					GITADORA 오리지널	MYSTICAL Re:UNION	
