no	title	artist	bpm	slow	nov	adv	exh	mxm	unlock	ino	iuse	from	at	etc
0001	VALKYRIE ASSAULT	 "SYUNN"	180		06	13	16	19	pcb	1194	iadv,iexh,imxm,inov	SDVX 오리지널	VI 01	[V]
0002	ABSOLUTE (saminun mix)	あさり(saminun)	146	61	05	12	14	17	pcb	0045	inov	FLOOR 리믹스	VI 01	
0003	ナスカの丘 (Hi-NRG Remix)	Hyuji feat. LIQU@。& TadashiYamamoto	133		03	10	14	16	pcb	1585	inov	FLOOR 리믹스	VI 01	
0004	onslaught -Retaliation of Bahamūt-	かめりあ	238		07	14	17	19	pcb	0807	inov	FLOOR 리믹스	VI 01	
0005	Scars of FAUNA (ろひ Remix)	ろひ	195	135	04	13	16	18	pcb	0982	inov	FLOOR 리믹스	VI 01	
0006	ナナホシ(lovely bubbly party mix!)	naka3	160		05	11	13	16	pcb	1589	inov	FLOOR 리믹스	VI 01	
0007	#EmoCloche	#EmoCosine	182		06	13	15	18	pcb	0011	inov	FLOOR 리믹스	VI 01	
0008	EMERALDAS (Yuta Imai Remix)	Yuta Imai	190		06	13	16	18	pcb	0358	inov	FLOOR 리믹스	VI 01	
0009	POSSESSION (Aoi Q.E.D. RMX)	Aoi	318	106	06	13	16	18	pcb	0863	inov	FLOOR 리믹스	VI 01	
0010	SHION -sublimation mix-	BlackY feat. Risa Yuzuki	186		05	12	15	17	pcb	1010	inov	FLOOR 리믹스	VI 01	
0011	追憶のアリア	Blanc Bunny Bandit	130		03	09	13	16		2023	inov	히나비타♪ / 반메시♪	VI 01	FGP 2라운드 곡
0012	叛逆のディスパレート	Vanitas Lacrimosa	194		05	12	15	17		1756	inov	히나비타♪ / 반메시♪	VI 01	FGP 2라운드 곡
0013	花は折りたし梢は高し	夜叉姫神楽	215		05	10	14	16		1992	inov	히나비타♪ / 반메시♪	VI 01	FGP 2라운드 곡
0014	アリスサイド・キャスリング	メリー・バッド・メルヘン	115		04	11	14	16		1439	inov	히나비타♪ / 반메시♪	VI 01	FGP 2라운드 곡
0015	*ハロー、プラネット。	sasakure.UK	150		03	09	14	16		0019	inov	VOCALOID	VI 01	미쿠 [로케테]
0016	オルターエゴ	Misumi	176		04	11	15	17		1468	inov	VOCALOID	VI 01	미쿠
0017	ラストリゾート	Ayase	124		01	08	12	16		1678	inov	VOCALOID	VI 01	미쿠
0018	門門しましょ	ビートまりお	180		04	10	14	17		2041	inov	동방 프로젝트	VI 01	원곡: 上海紅茶館　～ Chinese Tea明治十七年の上海アリス[로케테]
0019	緋色月下、狂咲ノ絶 (nayuta 2017 ver)	EastNewSound	150		04	11	15	18		1979	inov	동방 프로젝트	VI 01	원곡: U.N.オーエンは彼女なのか？[로케테]
0020	WARNING×WARNING×WARNING	暁Records	172		03	10	14	18		1240	inov	동방 프로젝트	VI 01	원곡: 遥か38万キロのボヤージュ星条旗のピエロ
0021	不可測的メトロポリス	少女フラクタル	156		03	09	13	16		1706	inov	동방 프로젝트	VI 01	원곡: ビーストメトロポリス
0022	穢れなきユーフォリア	幽閉サテライト	160		04	10	15	17		1967	inov	동방 프로젝트	VI 01	원곡: 偶像に世界を委ねて 〜 Idoratrize World
0023	トランスダンスアナーキー	暁Records	195		05	11	15	17		1566	inov	동방 프로젝트	VI 01	원곡: クレイジーバックダンサーズ
0024	Sakura Fubuki	Street	175		05	12	15	17		0965	inov	BMS	VI 01	
0025	Air	SHIKI	178		06	13	16	18		0061	inov	BMS	VI 01	[로케테]
0026	Destr0yer	削除 feat. Nikki Simons	90		05	12	14	18		0299	inov	BMS	VI 01	[로케테]
0027	Bad Elixir	xi	203		07	13	16	19		0117	inov	BMS	VI 01	[로케테]
0028	Chronomia	Lime	227		07	14	17	19		0214	inov	BMS	VI 01	
0029	プナイプナイたいそう	立秋 feat.ちょこ	271		06	13	16	18		1626	inov	BMS	VI 01	
0030	777	RoughSketch(Notebook Records)	777		07	14	17	19		0003	inov	동인 음악	VI 01	
0031	キラメキ居残り大戦争	森羅万象	212		05	12	15	17		1486	inov	동인 음악	VI 01	[로케테]
0032	Innocent Azure	kuro	203		06	13	16	18	pcb	0581	inov	FLOOR 오리지널	VI 02	
0033	Now loading...	つきみぐー、×如月結愛	128		02	10	14	16	pcb	0796	inov	FLOOR 오리지널	VI 02	
0034	月下の舞兎祭	Aoi feat. Kuroa*	152		05	12	15	17	pcb	1875	inov	FLOOR 오리지널	VI 02	
0035	Verstärkt Killer	MALVA.	182		05	11	14	17	pcb	1206	inov	FLOOR 오리지널	VI 02	
0036	ラヴ♡チャンス!!	Ponchi♪ feat.はぁち	215		06	13	16	18	pcb	1681	iadv,iexh,imxm,inov	FLOOR 오리지널	VI 02	
0037	Whip☆Drip	pan+テヅカ feat.桃雛なの	249		05	13	15	17	pcb	1255	inov	FLOOR 오리지널	VI 02	
0038	Souhait bleu	しーけー	225		06	12	16	18	pcb	1033	inov	FLOOR 오리지널	VI 02	
0039	Fun walk!!	Enterskip	170		05	11	15	17	pcb	0449	inov	FLOOR 오리지널	VI 02	
0040	Le Merle Noir	Rigel Theatre	136	92	03	09	14	16	pcb	0647	inov	FLOOR 오리지널	VI 03	
0041	Vanishing Eidos	めと(Metomate)	179		05	13	15	18	pcb	1201	inov	FLOOR 오리지널	VI 03	
0042	木洩れ日に咲く	seatrus feat.杠葉えりか	171		05	12	15	17	pcb	1884	inov	FLOOR 오리지널	VI 03	
0043	SuperMiracleEnsemble	fnylsp	303		06	13	16	18	pcb	1084	inov	FLOOR 오리지널	VI 03	
0044	Metagame Matador	RoughSketch vs MAD CHILD	160		06	13	16	18	pcb	0724	iadv,iexh,imxm,inov	FLOOR 오리지널	VI 03	
0045	恋獄対刃	あるふぁ＋凜々	190		04	11	14	17	pcb	1829	iadv,iexh,imxm,inov	FLOOR 오리지널	VI 03	
0046	響く静寂	テヅカ	212		04	12	14	17	pcb	2063	inov	FLOOR 오리지널	VI 03	
0047	りむむむむむむ	立秋 feat.ちょこ	140		06	12	15	18	pcb	1429	inov	FLOOR 오리지널	VI 04	
0048	運命超過乃巡合	Aoi feat. Gra+yanshu	165		05	12	14	17	pcb	2028	iadv,iexh,imxm,inov	FLOOR 오리지널	VI 04	
0049	恋愛♡悪戯！？まじかる☆ぱふゅ～む！！	さわわ feat.杠葉えりか＆凜々	212		06	13	16	18	pcb	1824	inov	FLOOR 오리지널	VI 04	
0050	Blue Forest(NightBounce Remix)	kanone	132		04	10	14	17	pcb	0160	inov	FLOOR 리믹스	VI 05	
0051	Elemental Creation -xiRemix-	xi	242	121	06	13	16	18	pcb	0357	inov	FLOOR 리믹스	VI 05	
0052	Impress(siqlo's Hi-Tech Veats)	siqlo	160		05	11	14	17	pcb	0570	inov	FLOOR 리믹스	VI 05	
0053	Macuilxochitl (Latin Jazz Mix)	technoplanet	156		06	13	16	18	pcb	0701	inov	FLOOR 리믹스	VI 05	
0054	nostos -ark remix-	Se-U-Ra + しーけー	205	180	05	12	15	18	pcb	0794	inov	FLOOR 리믹스	VI 05	
0055	神にした彼女が示す世界線	上村香月	250	157	06	13	15	17	pcb	1958	inov	FLOOR 오리지널	VI 06	
0056	#Namescapes	#Namescapes	146		02	12	15	18	pcb	0015	iadv,iexh,imxm,inov	FLOOR 오리지널	VI 06	
0057	恋は君のそばでサクラサク	榮田一貴 feat.冬乃桜＆永久毎日	204		03	10	13	16	pcb	1823	inov	FLOOR 오리지널	VI 07	
0058	Enter The Fire	Yooh	140		04	11	14	17	pcb	0378	iadv,iexh,imxm,inov	FLOOR 오리지널	VI 07	
0059	FEEL THE FORCE	brz1128	210		06	13	16	18	pcb	0403	iadv,iexh,imxm,inov	FLOOR 오리지널	VI 07	
0060	M-O-R-F-I-N-E	u-z feat.紫咲ほたる	220		05	12	15	17	pcb	0697	iadv,iexh,imxm,inov	FLOOR 오리지널	VI 07	
0061	WILD FIRE	がるる	172		04	12	14	17	pcb	1260	inov	FLOOR 오리지널	VI 09	
0062	Xymatic Scope	MasKaleido feat. ぁゅ	170	22	05	12	15	17	pcb	1294	iadv,iexh,imxm,inov	FLOOR 오리지널	VI 09	
0063	Cappuccino Hearts	nora2r	260		03	13	16	18	pcb	0191	iadv,iexh,imxm,inov	FLOOR 오리지널	VI 09	
0064	くらべられっ子	ツユ	194		02	09	14	16				츠유 콜라보레이션[19][20]	VI 09	2024/06/06 삭제
0065	泥の分際で私だけの大切を奪おうだなんて	ツユ	225		03	11	15	17				츠유 콜라보레이션[19][20]	VI 09	2024/06/06 삭제
0066	ナミカレ	ツユ	204		05	13	16	18				츠유 콜라보레이션[19][20]	VI 09	2024/06/06 삭제
0067	Aqua,Luna-rium	凛々咲	128		03	10	13	16	pcb	0090	iadv,iexh,imxm,inov	FLOOR 오리지널	VI 10	
0068	Vallasotiena	ろひ	210	170	06	13	16	18	pcb	1196	iadv,iexh,imxm,inov	FLOOR 오리지널	VI 10	
0069	2094	Yuta Imai vs Blacklolita	162		05	12	14	17	pcb	0004	inov	FLOOR 오리지널	VI 10	
0070	G4ME ØVEЯ	Takenoko boy feat. metyao	201		06	13	16	18	pcb	0454	iadv,iexh,imxm,inov	FLOOR 오리지널	VI 10	
0071	ドゥサンコオデッセイ!!	cosMo＠暴走P	160		07	14	17	19	kona	1574	inov	사운드 볼텍스 III 그래비티 워즈 코나스테 오리지널[그레이스의_도전장]	VI 10	[코나스테]
0072	Continuous Moment	影虎。	154		05	12	15	17	pcb	0244	iadv,iexh,imxm,inov	FLOOR 오리지널	VI 11	
0073	Chakra	uma	165		04	11	14	17	pcb	0200	inov	FLOOR 오리지널	VI 11	
0074	Restless Waitress	winddrums	206		06	13	16	18	pcb	0933	inov	FLOOR 오리지널	VI 11	
0075	- Jupiter -	SHIKI	144		04	11	14	17	pcb	0021	inov	BMS	VI 12	
0076	Pure Ruby	SHIKI	178		06	12	15	18	pcb	0891	inov	BMS	VI 12	
0077	αzalea	BlackY	198	99	07	14	17	19	kona	1314	inov	사운드 볼텍스 III 그래비티 워즈 코나스테 오리지널[그레이스의_도전장][25]	VI 12	[코나스테]
0078	Destined Marionette	ビートまりお(COOL&CREATE)	186	93	06	12	16	18		0297	inov	BMS	VI 13	
0079	BAYONEX	かめりあ as "Revenge of Riot"	262		07	14	17	19	kona	0124	inov	사운드 볼텍스 III 그래비티 워즈 코나스테 오리지널[그레이스의_도전장]	VI 13	[코나스테]
0080	End of Guilty	kanone	290		06	12	16	18	pcb	0367	inov	FLOOR 오리지널	VI 14	
0081	charm♡you	U-ske feat. 花柚	147		04	11	15	17	pcb	0203	inov	FLOOR 오리지널	VI 14	
0082	文月	nonomori feat. 亜沙美	150		03	10	14	16	pcb	1847	iadv,iexh,imxm,inov	FLOOR 오리지널	VI 14	
0083	Puni Puni Parade	MARON (IOSYS)	188		06	14	16	18	pcb	0885	inov	SDVX 오리지널	VI 14	[V]
0084	BEAT MAGIC	ランコ feat. Eurobeat Union	164		03	10	13	16	pcb	0127	inov	동방 프로젝트	VI 15	원곡: 始原のビート　～ Pristine Beat
0085	Jailbreaker	Hommarju feat. かぼちゃ	180		05	12	15	17	pcb	0601	inov	동방 프로젝트	VI 15	원곡: U.N.オーエンは彼女なのか？
0086	Empty Backdoor	森羅万象	169		04	11	14	17	pcb	0363	inov	동방 프로젝트	VI 15	원곡: 秘神マターラ　～ Hidden Star in All Seasons.
0087	驪駒早鬼は馬並み☆プロテイン	ARM × 狐夢想 feat.ななひら	175		04	11	14	17	pcb	2070	inov	동방 프로젝트	VI 15	원곡: 聖徳太子のペガサス　～ Dark Pegasus
0088	限界突破リザレクション	まろん vs. モリモリあつし feat. ビートまりお	169		06	13	16	18	pcb	2045	inov	동방 프로젝트	VI 15	원곡: 月まで届け、不死の煙
0089	Reverenced Flower	ぺのれり	209	152	07	14	17	19	kona	0934	inov	사운드 볼텍스 III 그래비티 워즈 코나스테 오리지널[그레이스의_도전장]	VI 15	[코나스테]
0090	まみむめ🍄まるっと🍄まっしゅるーむ🍄🍄	かめりあ as "まいたけラヴ" feat. ななひら as "エリンギ大好き"	161		05	13	15	18	pcb	1419	iadv,iexh,imxm,inov	FLOOR 오리지널	VI 16	
0091	The Clown of 24stairs	Yu_Asahina	204		07	14	17	19	pcb	1106	iadv,iexh,imxm,inov	FLOOR 오리지널	VI 16	
0092	I Left for my Right	あの日字数制限に負けて追い出された「ゃ」	155		05	12	15	17	pcb	0553	iadv,iexh,imxm,inov	FLOOR 오리지널	VI 16	
0093	The King Of Red	Hommarju	195		06	13	16	18	pcb	1113	inov	FLOOR 오리지널	VI 16	
0094	黎明の情	TAKU1175 ft.駄々子	210		05	12	14	17	pcb	2077	inov	FLOOR 오리지널	VI 16	
0095	R.I.P.ゴシップの海	cosMo@暴走P	222		05	13	16	18		0900	inov	VOCALOID	VI 17	GUMI
0096	《Re:miniscence》	かねこちはる	166	125	08	15	18	20	kona	1342	iadv,iexh,imxm,inov	사운드 볼텍스 III 그래비티 워즈 코나스테 오리지널[그레이스]	VI 18	[코나스테]
0097	XXanadu#climaXX	概念	187		06	13	16	18	pcb	1292	inov	FLOOR 오리지널	VI 19	
0098	Bigbang Faker	BlackY	155		06	13	16	18	pcb	0138	inov	FLOOR 오리지널	VI 19	
0099	PRESERVED VAMPIRE	SOUND HOLIC feat. Nana Takahashi	170		05	12	15	17	pcb	0870	inov	동방 프로젝트	VI 20	원곡: 月時計 ～ ルナ・ダイアル フラワリングナイト
0100	Love Love Scarlet	イノライfeat.怜花	185		04	11	14	17	pcb	0684	inov	동방 프로젝트	VI 20	원곡: U.N.オーエンは彼女なのか？恋色マスタースパーク
0101	竹	立秋 feat.ちょこ	 315	5 	06	14	17	19	pcb	1970	inov	BMS	VI 21	
0102	Archangelio	Juggernaut.	300		06	13	16	18	pcb	0095	inov	FLOOR 오리지널	VI 22	
0103	Going My Future!	#EmoCosine	183		06	13	16	18	pcb	0490	inov	FLOOR 오리지널	VI 22	
0104	フェアリーテイル・ラヴァーズ	みーに＠メルヘン風紀委員会書記	155		05	12	15	17	pcb	1620	inov	FLOOR 오리지널	VI 22	
0105	天弓天華オトハナビ	ビートまりおとまろん	170		05	12	16	18		1782	inov	동방 프로젝트	VI 23	원곡: 少女綺想曲 ～ Dream Battle恋色マスタースパーク永夜の報い ～ Imperishable Nightあの賑やかな市場は今どこに　～ Immemorial Marketeers
0106	スカーレット警察のゲットーパトロール24時	七条レタスグループ	160		04	11	15	18		1524	inov	동방 프로젝트	VI 23	원곡: おてんば恋娘亡き王女の為のセプテット
0107	LUCKY CAT	ちょこふぁん	167		03	11	14	17		0692	inov	동방 프로젝트	VI 23	원곡: 大吉キトゥン
0108	デンデラパーティーナイト	森羅万象	181		05	11	15	17		1560	inov	동방 프로젝트	VI 23	원곡: 夜のデンデラ野を逝く
0109	ヒトガタ	HIMEHINA	150		01	10	14	17		1612	inov	HIMEHINA 콜라보레이션	VI 24	
0110	Mr.VIRTUALIZER	HIMEHINA	130		03	08	13	16		0752	inov	HIMEHINA 콜라보레이션	VI 24	
0111	藍の華	HIMEHINA	198		05	12	15	18		1999	inov	HIMEHINA 콜라보레이션	VI 24	
0112	eXtridia	unatra×Nego_tiator	136		05	13	15	17	pcb	0392	inov	MÚSECA 오리지널	VI 25	
0113	Star☆Beat	PandaBoY feat.ななひら	185		06	13	16	18	pcb	1062	inov	MÚSECA 오리지널	VI 25	
0114	スノウイコン	mazuka153	164		04	11	14	17	pcb	1528	inov	MÚSECA 오리지널	VI 25	
0115	みたらしプラトニック(feat. nicamoq)	Yunomi	160		05	11	14	17	pcb	1421	inov	MÚSECA 오리지널	VI 25	
0116	Red+White=Kawaii	こすも８ｂｉｔ	210		06	13	16	18	pcb	0922	inov	MÚSECA 오리지널	VI 25	
0117	Halloween Is Chaos	RoughSketch feat.北小路ヒスイ	197		05	11	15	18	pcb	0510	inov		VI 26	
0118	オリガミカル・スウィートラヴ	かめりあ feat.ななひら	192		05	12	14	17	pcb	1467	inov	MÚSECA 오리지널	VI 27	
0119	キカイノミルユメ	はがね	128		04	10	13	16	pcb	1479	inov	MÚSECA 오리지널	VI 27	
0120	~仔羊のナヴァラン・クリシェを添えて~	PiyoPiyo Kitchen	150		06	13	16	18	pcb	2082	inov	MÚSECA 오리지널	VI 27	
0121	NIN-NIN-NIN!!	よああああ（ああああ＋yoa）	170	90	05	12	14	17	pcb	0786	inov	MÚSECA 오리지널	VI 27	
0122	Refrain	お月さま交響曲	163		06	13	16	18	pcb	0924	inov	MÚSECA 오리지널	VI 27	
0123	Unleashed Redness	DecisionS (kanone + nora2r)	185		06	13	16	18	pcb	1184	inov	FLOOR 오리지널	VI 28	
0124	party:stage	かゆき	310		06	12	16	18	pcb	0834	iadv,iexh,imxm,inov	FLOOR 오리지널	VI 28	
0125	Rapsodia d'amore	xi	288		07	14	17	19	pcb	0903	imxm,inov	FLOOR 오리지널	VI 28	
0126	PLANISPHERE	SOUND HOLIC feat. Nana Takahashi	161	122	04	11	14	17	pcb	0853	inov	SDVX 오리지널	VI 29	
0127	夢の終わり、世界のはじまり。	TAKU1175 ft.駄々子	175		04	11	14	17	pcb	1777	inov	SDVX 오리지널	VI 29	
0128	Foolish Again	lapix	160		05	12	15	17	pcb	0437	inov	SDVX 오리지널	VI 29	
0129	Perfect Ultimate Celebration!!	2時間でPUCされたかぼちゃ	200		06	13	16	18	pcb	0836	inov	SDVX 오리지널	VI 29	
0130	Test Flight	黒魔	188		05	12	15	18	pcb	1103	inov	SDVX 오리지널	VI 29	
0131	sparky spark	kamome sano	155		06	12	15	17	pcb	1044	inov	SDVX 오리지널	VI 29	
0132	ゔぉるみっくす!!!!	かめりあ feat. ななひら	161		06	13	16	18	pcb	1430	inov	SDVX 오리지널	VI 29	
0133	↑↑↓↓←→←→BA	meiyo	124		03	10	14	17		1339	inov	코나미 커맨드	VI 30	
0134	AIM HIGHER	U-ske feat. 棗いつき	168		06	13	16	18	hexa	0060	iadv,iexh,imxm,inov	FLOOR 오리지널	VI 31	HEXA DIVER
0135	All for One	CANVAS feat. Quimär	185		06	13	16	18	hexa	0068	iadv,iexh,imxm,inov	FLOOR 오리지널	VI 31	HEXA DIVER
0136	Wings to fly high	Noah	249		06	13	16	18	hexa	1263	iadv,iexh,imxm,inov	FLOOR 오리지널	VI 31	HEXA DIVER
0137	EncorE & cALL	CHUBAY	240		07	14	17	19	hexa	0366	iadv,iexh,imxm,inov	FLOOR 오리지널	VI 31	HEXA DIVER
0138	AμreoLe ~for Triumph~	Ashrount	321		07	14	17	19	hexa	0111	iadv,iexh,imxm,inov	FLOOR 오리지널	VI 31	HEXA DIVER
0139	ZEUS	BlackY	228		07	14	17	19	hexa	1306	iadv,iexh,imxm,inov	FLOOR 오리지널	VI 31	HEXA DIVER
0140	XHRONOXAPSULΞ	Silentroom	277		08	15	18	20	hexa	1284	iadv,iexh,imxm,inov	FLOOR 오리지널	VI 31	HEXA DIVER
0141	refluxio	Juggernaut.	212	159	06	13	16	18	hexa	0923	iadv,iexh,imxm,inov	FLOOR 오리지널	VI 32	HEXA DIVER
0142	蝕	めと（Metomate）	220		06	13	16	18	hexa	2003	iadv,iexh,imxm,inov	FLOOR 오리지널	VI 32	HEXA DIVER
0143	火狐之舞	影虎。	242		06	13	16	18	hexa	1919	iadv,iexh,imxm,inov	FLOOR 오리지널	VI 32	HEXA DIVER
0144	十の試煉	打打だいず vs. siromaru	211		07	14	17	19	hexa	1744	iadv,iexh,imxm,inov	FLOOR 오리지널	VI 32	HEXA DIVER
0145	Rhapsody ⚙f Triumph	かめりあ・超機裝旋楽隊	235		07	14	17	19	hexa	0941	iadv,iexh,imxm,inov	FLOOR 오리지널	VI 32	HEXA DIVER
0146	Xb10r	隣の庭は青い(庭師+Aoi)	200		07	14	17	19	hexa	1279	iadv,iexh,imxm,inov	FLOOR 오리지널	VI 32	HEXA DIVER
0147	MixxioN	MisoilePunch♪	275		08	15	18	20	hexa	0741	iadv,iexh,imxm,inov	FLOOR 오리지널	VI 32	HEXA DIVER
0148	Resonant Gear	Endorfin.	185		04	11	14	17	lim	0932	iadv,iexh,imxm,inov	SDVX 오리지널	VI 33	[V]
0149	ユキバレ＊ぱれいど	coTatsu	160		04	11	14	16	pcb	1672	iadv,iexh,imxm,inov	FLOOR 오리지널	VI 33	
0150	サクラノソバニ！	Ray_Oh feat.みかん汁	228		05	12	15	17	pcb	1508	iadv,iexh,imxm,inov	FLOOR 오리지널	VI 33	
0151	Memory Flow	兎波かなで feat.とうな	206		06	13	15	18	pcb	0721	inov	FLOOR 오리지널	VI 33	
0152	勇者の卒業式	Verdammt	162		04	11	14	17	pcb	1743	iadv,iexh,imxm,inov	FLOOR 오리지널	VI 33	
0153	紫焔双穿	かめりあ	230		07	14	17	19	pcb	1974	inov	FLOOR 오리지널	VI 33	
0154	爆烈歓迎♪エクストリーム飲茶旋風脚ッ!!	BlackY feat. Risa Yuzuki	188	94	06	13	16	18	pcb	1936	iadv,iexh,imxm,inov	FLOOR 오리지널	VI 33	
0155	Decadence Mission	Jerico	175		06	13	16	18	pcb	0285	inov	FLOOR 오리지널	VI 33	
0156	Holy Trail	satie	200		07	13	16	19	pcb	0539	inov	FLOOR 오리지널	VI 33	
0157	FAR GONE	493Water	160		06	13	16	18	pcb	0402	iadv,iexh,imxm,inov	FLOOR 오리지널	VI 33	
0158	Heroine is here	クルトン feat.ケィニ	210		04	11	14	16	pcb	0533	inov	FLOOR 오리지널	VI 33	
0159	神っぽいな	ピノキオピ	142		03	10	14	17		1956	inov	VOCALOID	VI 33	미쿠
0160	キリカ	HIMEHINA	185		03	11	14	17		1487	inov	HIMEHINA 콜라보레이션	VI 33	
0161	フリコドウル	HIMEHINA	160		05	12	15	18		1623	inov	HIMEHINA 콜라보레이션	VI 33	
0162	THE WORLD REVOLVING	Toby Fox	190		06	13	16	18		1126	inov	deltarune 콜라보레이션	VI 33	
0163	GOODTEK	EBIMAYO	190		06	12	15	18		0493	inov	BMS	VI 33	
0164	Berry Go!!	Freezer feat.妃苺	175		05	12	15	17		0135	inov	BMS	VI 33	
0165	DATAERR0R	Cosmograph	180		06	13	16	18		0276	inov	BMS	VI 33	
0166	SHOCKER BREAKER	Yu_Asahina	165	110	06	13	16	18	pcb	1012	iadv,iexh,imxm,inov	MÚSECA 오리지널	VI 34	
0167	c2Theater	yaseta + Hidra-Xjeil	190		06	12	15	18	pcb	0185	inov	MÚSECA 오리지널	VI 34	
0168	ミライチューナー	U-ske feat.すずしろ	140		04	10	13	16	pcb	1656	inov	MÚSECA 오리지널	VI 34	
0169	メンタンピンドラドラ	enzo + O2i3	185		05	12	14	17	pcb	1667	inov	MÚSECA 오리지널	VI 34	
0170	Corrupting Wonderland	u-z feat.CHERICa	250		06	12	15	18	pcb	0245	inov	FLOOR 오리지널	VI 35	
0171	Struggle for Revival	NitoK	110		05	12	15	17	pcb	1073	inov	FLOOR 오리지널	VI 35	
0172	チクサクコールが懐かしい	諸星なな feat.加藤はるか	194	109	05	12	15	17	pcb	1545	iadv,iexh,imxm,inov	FLOOR 오리지널	VI 35	
0173	二分間の世界	Cororo	225		06	13	16	18	pcb	1710	inov	FLOOR 오리지널	VI 35	
0174	ROZELCIA	brz1128	195	194	06	13	16	18	pcb	0951	inov	FLOOR 오리지널	VI 35	
0175	イエルウタ	ここなつ2.0	110		03	09	13	16		1447	inov	히나비타♪ / 반메시♪	VI 36	
0176	カシオペアノヒカリ	ここなつ2.0	132		02	11	14	17		1470	inov	히나비타♪ / 반메시♪	VI 36	
0177	ステラレギア	ここなつ2.0	130		04	11	14	17		1525	inov	히나비타♪ / 반메시♪	VI 36	
0178	ハートシェイプ・スピカ	ここなつ2.0	170		05	12	15	17		1603	inov	히나비타♪ / 반메시♪	VI 36	
0179	マーメイドペレパスィ	ここなつ2.0	160		03	10	13	16		1652	inov	히나비타♪ / 반메시♪	VI 36	
0180	メモリーズ	ここなつ2.0	136		05	12	15	17		1664	inov	히나비타♪ / 반메시♪	VI 36	
0181	リバース	ここなつ2.0	135		04	11	13	16		1683	inov	히나비타♪ / 반메시♪	VI 36	
0182	Kontrol Line	Yooh	180	140	06	13	16	18	lim	0632	iadv,iexh,imxm,inov	SDVX 오리지널	VI 37	[V]
0183	Across the Starlight	かゆき	170		06	13	16	18	pcb	0051	inov	FLOOR 오리지널	VI 37	
0184	Twinkle Rookie	Halv	205		06	12	15	18	pcb	1164	inov	FLOOR 오리지널	VI 37	
0185	NOT YOUR IDOL	Yuta Imai	155		06	13	16	18	pcb	0795	iadv,iexh,imxm,inov	FLOOR 오리지널	VI 37	
0186	PHOTON BLAXT	seatrus	165		06	12	15	18	pcb	0844	inov	FLOOR 오리지널	VI 37	
0187	メテオライツ・プレリュード	みーに	190		05	11	14	17	pcb	1663	inov	FLOOR 오리지널	VI 37	
0188	極夜、暁を望んで	めと(Metomate)	222		06	13	16	18	hexa	1893	iadv,iexh,imxm,inov	SDVX 오리지널	VI 38	HEXA DIVER
0189	Stairway to the sun	Noah	255		06	13	16	18	hexa	1055	iadv,iexh,imxm,inov	SDVX 오리지널	VI 38	HEXA DIVER
0190	Grandeur	CANVAS x RoughSketch feat. Quimär	190		06	13	16	18	hexa	0501	iadv,iexh,imxm,inov	SDVX 오리지널	VI 38	HEXA DIVER
0191	すべてが幻になった後で	かめりあ・超機裝旋楽隊	79	66	07	14	17	19	hexa	1384	iadv,iexh,imxm,inov	SDVX 오리지널	VI 38	HEXA DIVER
0192	LaμreLs ~the Angelus~	Ashrount	321		07	14	17	19	hexa	0644	iadv,iexh,imxm,inov	SDVX 오리지널	VI 38	HEXA DIVER
0193	Avalanx	隣の庭は青い(庭師+Aoi)	185		07	14	17	19	hexa	0106	iadv,iexh,imxm,inov	SDVX 오리지널	VI 38	HEXA DIVER
0194	Bl∞min'	MisoilePunch♪ -Forever-	234	117	08	15	18	20	hexa	0165	iadv,iexh,imxm,inov	SDVX 오리지널	VI 38	HEXA DIVER
0195	過去に囚われている	ツユ	180		05	12	15	18				츠유 콜라보레이션	VI 39	2024/06/06 삭제
0196	終点の先が在るとするならば。	ツユ	235		04	11	14	17				츠유 콜라보레이션	VI 39	2024/06/06 삭제
0197	ASGORE / アズゴア	Toby Fox	114		04	12	15	17		0100	inov	언더테일 콜라보레이션	VI 40	
0198	Spear of Justice / 正義の槍	Toby Fox	131		03	11	14	17		1045	inov	언더테일 콜라보레이션	VI 40	
0199	Death by Glamour / 華麗なる死闘	Toby Fox	148		04	12	15	17		0284	inov	언더테일 콜라보레이션	VI 40	
0200	Finale / フィナーレ	Toby Fox	190		05	13	16	18		0409	inov	언더테일 콜라보레이션	VI 40	
0201	Bonetrousle	Toby Fox	150		02	10	13	16		0167	inov	언더테일 콜라보레이션	VI 40	
0202	あいあむなんばーわんパトラちゃん様	周防パトラ	220		05	13	16	18		1345	inov	스오우 파트라 콜라보레이션	VI 41	
0203	ぶいちゅっばの歌	周防パトラ	150		03	12	15	17		1411	inov	스오우 파트라 콜라보레이션	VI 41	
0204	STIGMA	U-ske feat. 棗いつき	194		06	13	16	18	hexa	1067	iadv,iexh,imxm,inov	SDVX 오리지널	VI 42	HEXA DIVER
0205	光風霽月	影虎。	160		06	13	16	18	hexa	1727	iadv,iexh,imxm,inov	SDVX 오리지널	VI 42	HEXA DIVER
0206	Lost Parliament	Juggernaut.	200		06	13	16	18	hexa	0681	iadv,iexh,imxm,inov	SDVX 오리지널	VI 42	HEXA DIVER
0207	VΛZiLiSQ	BlackY	199		07	14	17	19	hexa	1238	iadv,iexh,imxm,inov	SDVX 오리지널	VI 42	HEXA DIVER
0208	Fαtα∠ Ent∠mEnt	CHUBAY	254		07	14	17	19	hexa	0453	iadv,iexh,imxm,inov	SDVX 오리지널	VI 42	HEXA DIVER
0209	赫焉	打打だいず vs. siromaru	222		07	14	17	19	hexa	2012	iadv,iexh,imxm,inov	SDVX 오리지널	VI 42	HEXA DIVER
0210	いまきみに	Silentroom as "少年R"	264	176	08	15	18	20	hexa	1350	iadv,iexh,imxm,inov	SDVX 오리지널	VI 42	HEXA DIVER
0211	Revvable Engine	nora2r	205		06	13	16	18	lim	0938	inov	SDVX 오리지널	VI 43	[V]
0212	夢幻泡影	wa.	269		06	12	15	18	pcb	1778	inov	FLOOR 오리지널	VI 43	
0213	涙の女神と無形のエトワル	Yu-dachi	140		06	13	16	18	pcb	1908	inov	FLOOR 오리지널	VI 43	
0214	Splash Underwater	siqlo	174		05	12	14	17	pcb	1052	inov	FLOOR 오리지널	VI 43	
0215	Heartache / 心の痛み	Toby Fox	119		01	10	13	16		0520	inov	언더테일 콜라보레이션	VI 44	
0216	Spider Dance / スパイダーダンス	Toby Fox	230		04	11	14	17		1050	inov	언더테일 콜라보레이션	VI 44	
0217	Battle Against a True Hero / 本物のヒーローとの闘い	Toby Fox	150		05	12	15	18		0123	inov	언더테일 콜라보레이션	VI 44	
0218	MEGALOVANIA	Toby Fox	240		03	13	16	18		0717	inov	언더테일 콜라보레이션	VI 44	
0219	SAVE the World	Toby Fox	180		05	12	15	18		0973	inov	언더테일 콜라보레이션	VI 44	
0220	Imperator	Xe (αirlemoneX)	215		06	13	16	18	pcb	0568	inov	FLOOR 오리지널	VI 45	
0221	SHARK ATTACK	ryhki	165		06	12	16	18	pcb	0998	iadv,iexh,imxm,inov	FLOOR 오리지널	VI 45	
0222	Re:Rose Gun Shoooot!	あるふぁ	190		06	12	15	17	pcb	0908	inov	FLOOR 오리지널	VI 45	
0223	ØƵ	Hommarju ft. Mayumi Morinaga	350	90	06	14	16	18	pcb	1312	inov	FLOOR 오리지널	VI 45	
0224	fantastic dreamer／アニメ「この素晴らしい世界に祝福を！」より	Machico	185		02	10	14	17		0400	inov	POPS&아니메	VI 45	
0225	You Are My Best RivaL!!	cosMo@暴走P	240		07	15	18	20	lim	1297	iadv,iexh,imxm,inov	SDVX 오리지널	VI 46	
0226	ヴァンパイア	DECO*27	164		04	11	14	17		1700	inov	VOCALOID	VI 46	미쿠
0227	インドア系ならトラックメイカー	Yunomi & nicamoq	128		03	09	15	17		1455	inov	동인 음악	VI 46	
0228	神罰	cosMo＠暴走P	201		06	13	16	18	pcb	1960	iadv,iexh,imxm,inov	FLOOR 오리지널	VI 47	
0229	Re:call	pan+meal feat.駄々子	99		05	12	14	17	pcb	0906	imxm,inov	FLOOR 오리지널	VI 47	
0230	Μοῦσα	ushiee	200		05	12	15	17	pcb	1322	inov	FLOOR 오리지널	VI 47	
0231	Hydroblast	Aoi vs. siromaru	160		06	12	15	18	pcb	0547	iadv,iexh,imxm,inov	FLOOR 오리지널	VI 47	
0232	Never Ending Future	#EmoCosine	215		06	13	16	18	pcb	0772	inov	FLOOR 오리지널	VI 47	
0233	グッバイ宣言	Chinozo	170		02	12	15	17		1494	inov	VOCALOID	VI 48	v flower
0234	透明声彩	YuNi	140		03	11	14	17		2027	inov	동인 음악	VI 48	
0235	WINNING ROAD	setu-O	170		06	12	15	18	blas	1264	inov	FLOOR 오리지널	VI 49	[1W]
0236	Chat perché	Ange;art + Nota	210		06	13	16	18	blas	0204	inov	FLOOR 오리지널	VI 49	[1W]
0237	ENDGAME	Yuta Imai	222		06	13	16	18	blas	0369	iadv,iexh,imxm,inov	FLOOR 오리지널	VI 50	[1W]
0238	ИADIR	Ashrount vs polysha	190		06	13	16	18	blas	1330	imxm,inov	FLOOR 오리지널	VI 50	[1W]
0239	graduation	星野音楽工房	170		06	13	16	18	lim	0498	inov	SDVX 오리지널	VI 51	[V]
0240	MURASAME	Hommarju	140		06	11	16	18	blas	0753	imxm,inov	FLOOR 오리지널	VI 51	[1W]
0241	Ice Fortress	荒谷サトル	185		06	12	15	18	blas	0558	iadv,iexh,imxm,inov	FLOOR 오리지널	VI 51	[1W]
0242	シル・ヴ・プレジデント	P丸様。	176		02	10	14	17		1519	inov	동인 음악	VI 51	
0243	Initiating League	EmoCosine vs. nora2r	200		06	13	16	18	blas	0578	iadv,iexh,imxm,inov	FLOOR 오리지널	VI 52	[1W]
0244	Scat Jazz Dance	Super Shrimp	162		05	12	16	18	blas	0984	iadv,iexh,imxm,inov	FLOOR 오리지널	VI 52	[1W]
0245	灼ナル刃、破カヰ譜	Symholic feat.狛茉璃奈	165		06	12	15	18	blas	1921	inov	FLOOR 오리지널	VI 53	[1W]
0246	最果ての勇者にラブソングを	deli.+駄々子	268		05	13	16	18	blas	1870	inov	FLOOR 오리지널	VI 53	[1W]
0247	Petit espoir	しーけー	222		06	13	16	18	blas	0838	inov	FLOOR 오리지널	VI 54	[1W]
0248	Fl0ating:	yuichi NAGAO	206		06	12	15	18	blas	0420	inov	FLOOR 오리지널	VI 54	[1W]
0249	Paradigm Shift	あまみ×ひなみ	220		06	13	16	18	blas	0827	iadv,iexh,imxm,inov	FLOOR 오리지널	VI 55	[1W]
0250	イグノアザーズ	U-ske feat. 安土桃	175		06	12	15	18	blas	1451	inov	FLOOR 오리지널	VI 55	[1W]
0251	trea→journey	CHUBAY	260		06	14	16	18	blas	1148	inov	FLOOR 오리지널	VI 56	[1W]
0252	Thousand Triggers	めと（Metomate）	242		06	13	16	18	blas	1129	iadv,iexh,imxm,inov	FLOOR 오리지널	VI 56	[1W]
0253	MILITARY R04D	Enterskip	272		07	14	17	19	blas	0732	iadv,iexh,imxm,inov	FLOOR 오리지널	VI 57	[1W]
0254	Tickled Pink	 "ZAQUVA"	180		06	13	16	18	lim	1132	iadv,iexh,imxm,inov	SDVX 오리지널	VI 58	[V]
0255	DEUX EX MĀXHINĀ	Ashrount	257		07	14	17	19	blas	0302	iadv,iexh,imxm,inov	FLOOR 오리지널	VI 58	[1W]
0256	All We Need is HAPPY END!!!	polysha	260		07	14	17	19	blas	0069	inov	FLOOR 오리지널	VI 59	[1W]
0257	Glory of Fighters	RoughSkreamZ	240	90	07	14	17	19	blas	0486	inov	FLOOR 오리지널	VI 60	[1W]
0258	フォニイ	ツミキ feat.可不	170		03	11	14	17		1621	inov	VOCALOID	VI 61	카후
0259	過去を喰らう	花譜	187		04	12	15	18		2029	inov	동인 음악	VI 61	
0260	食虫植物	理芽	123		02	10	13	16		2068	inov	동인 음악	VI 61	
0261	少年リップルズ	常盤ゆう	210		06	13	16	18	pcb	1799	inov	jubeat 오리지널	VI 62	
0262	[E]	dj MAX STEROID	152		05	11	14	17	pcb	0040	inov	jubeat 오리지널	VI 62	
0263	アガット	Bazole	200		06	13	16	18	pcb	1434	inov	jubeat 오리지널	VI 62	
0264	Welcome to the Mosh Pit	lapix	172		05	12	15	18	pcb	1251	inov	jubeat 오리지널	VI 62	
0265	HALO	Tatsunoshin	210		07	14	17	19	blas	0511	inov	FLOOR 오리지널	VI 63	
0266	S(TAR)²☆pistol	Mono.	214		06	13	16	18	blas	0957	iadv,iexh,imxm,inov	FLOOR 오리지널	VI 63	
0267	赫焉のヴァルキュリア -Ragnarøk-	ryhki	222		07	14	17	19	blas	2013	inov	FLOOR 오리지널	VI 63	
0268	CUDDLIE CUDDLIE	ゆんゆん	187		05	12	15	17	blas	0263	inov	FLOOR 오리지널	VI 63	
0269	Brave Power Leader 《 = Voltage = 》	概念	205		06	13	16	18	blas	0172	inov	FLOOR 오리지널	VI 63	
0270	零天視	隣の庭は青い(庭師+Aoi)	200		06	13	16	18	blas	2055	iadv,iexh,imxm,inov	FLOOR 오리지널	VI 63	
0271	ステラ・イミグレーション	後藤 feat. リリカ	210	170	05	12	15	17	blas	1526	inov	FLOOR 오리지널	VI 63	
0272	Garland	ミハイル + K.key	217		06	12	15	18	blas	0463	inov	FLOOR 오리지널	VI 63	
0273	SuddeИDeath	xi vs. モリモリあつし	236		08	15	18	20	blas	1078	iadv,iexh,imxm,inov	FLOOR 오리지널	VI 63	
0274	リリーゼと炎龍レーヴァテイン	黒猫ダンジョン	200		06	13	16	18	pcb	1685	inov	REFLEC BEAT 오리지널	VI 64	
0275	quaver♪	Risk Junk	186	182	06	13	16	18	pcb	0896	inov	REFLEC BEAT 오리지널	VI 64	
0276	Aerial Skydive	Dirty Androids	175		05	12	15	17	pcb	0056	inov	REFLEC BEAT 오리지널	VI 64	
0277	Black or Red?	コスモドライバー join. shully & Nimo	157		05	12	15	17	pcb	0147	inov	REFLEC BEAT 오리지널	VI 64	
0278	FUJIMORI -祭- FESTIVAL	VENUS	158		03	11	14	17	pcb	0448	inov	REFLEC BEAT 오리지널	VI 64	
0279	いでぃおで結構！	諸星なな feat.加藤はるか	151		04	12	14	17	pcb	1349	inov	FLOOR 오리지널	VI 65	
0280	アルファ・スカイ	みーに feat. しろさきあや	210		04	13	15	17	pcb	1443	iadv,iexh,imxm,inov	FLOOR 오리지널	VI 65	
0281	Chocolate Planet (いるちょこRemix)	irucaice feat. ちょこ	185		05	12	15	17	pcb	0210	inov	FLOOR 리믹스	VI 65	
0282	Zero-Day Exploit(One-Day Fusion Mix)	庭師	151		06	12	15	18	pcb	1305	inov	FLOOR 리믹스	VI 65	
0283	Distorted Floor -Boosted-	M-UE vs. siromaru	166		06	13	16	18	pcb	0319	inov	FLOOR 리믹스	VI 65	
0284	ヒバナ-Reloaded-	DECO*27	200		02	11	14	17		1613	inov	VOCALOID	VI 65	미쿠
0285	Hello, Hologram	HIMEHINA	181		04	12	15	18		0527	inov	HIMEHINA 콜라보레이션	VI 65	
0286	WWW	HIMEHINA	146		03	10	14	17		1278	inov	HIMEHINA 콜라보레이션	VI 65	
0287	ENERGY SYNERGY MATRIX	Tanchiky	160		05	12	16	18	pcb	0372	inov	BMS	VI 65	
0288	Blossom	Synthion	175		05	12	16	18	pcb	0157	inov	동인 음악	VI 65	
0289	マツヨイナイトバグ	ビートまりおとまろん	190		05	13	16	18		1649	inov	동방 프로젝트	VI 66	원곡: 蠢々秋月　～ Mooned Insect
0290	Lost Emotion feat. nomico	Alstroemeria Records	172		03	11	14	17		0680	inov	동방 프로젝트	VI 66	원곡: 亡失のエモーション
0291	無意識レクイエム	森羅万象	195		04	12	15	17		1928	inov	동방 프로젝트	VI 66	원곡: ハルトマンの妖怪少女
0292	無意識レクイエム (cosmobsp rmx)	cosMo@暴走P (original arranged by 森羅万象)	230		06	14	16	19	sp	1929	inov	동방 프로젝트	VI 66	원곡: ハルトマンの妖怪少女
0293	機械仕掛けの魔法使い	Tsubusare BOZZ feat.madoka*	120		04	11	14	17	pcb	1895	inov	FLOOR 오리지널	VI 67	
0294	天穹のアルカナビット	打打だいず + Tanchiky + siromaru	280	230	06	13	16	18	pcb	1784	inov	FLOOR 오리지널	VI 67	
0295	For.*tune	Capchii × low meow × Uzumaki	205		05	11	14	17	pcb	0440	imxm,inov	FLOOR 오리지널	VI 67	
0296	CadenzaMaiden	u-z feat.紫咲ほたる	290	145	05	12	16	18	pcb	0186	imxm,inov	FLOOR 오리지널	VI 67	
0297	Redo／アニメ「Re:ゼロから始める異世界生活」より	鈴木このみ	190		02	10	14	17		0919	inov	POPS&아니메	VI 68	
0298	D.I.X.	日夜すずり feat. 凜々	1080	70	06	13	16	18	pcb	0269	iadv,iexh,imxm,inov	FLOOR 오리지널	VI 69	
0299	Second Game	Tracy feat. miko	185		05	11	14	17	pcb	0988	iadv,iexh,imxm,inov	FLOOR 오리지널	VI 69	
0300	Juωpscare!!	coTatsu	128	90	06	12	15	18	pcb	0615	iadv,iexh,imxm,inov	FLOOR 오리지널	VI 69	
0301	PRIDE of the FIREBALL	かぼちゃ feat. CO-DA	206		05	12	15	17	pcb	0872	imxm,inov	FLOOR 오리지널	VI 69	
0302	ハッピーエンド	technoplanet feat. Kuroto Sion	267	230	06	13	16	18	pcb	1598	iadv,iexh,imxm,inov	FLOOR 오리지널	VI 69	
0303	Realize／アニメ「Re:ゼロから始める異世界生活」より	鈴木このみ	206		03	09	14	17		0910	inov	POPS&아니메	VI 69	
0304	凛として咲く花の如く	大神ミオ	163		03	11	14	17		1736	inov	오오카미 미오 콜라보레이션	VI 70	
0305	Pixelated Platform (Super Honey!)	そよもぎ	216		05	12	15	17	pcb	0850	inov	FLOOR 리믹스	VI 71	
0306	The EXworld of sound	Remix by Aoi, Vocal by Kuroa*	222		06	13	16	18	pcb	1108	iadv,iexh,imxm,inov	FLOOR 리믹스	VI 71	
0307	トーキョーサマーナイト（華金Remix）	あまみ×ひなみ	163		04	12	14	17	pcb	1571	imxm,inov	FLOOR 리믹스	VI 71	
0308	劇場版ムーニャポヨポヨスッポコニャーゴ~侵略だいず帝国！ドラマティック宇宙大戦争~	打打だいず	210	140	06	13	16	18	pcb	1742	iadv,iexh,imxm,inov	FLOOR 리믹스	VI 71	
0309	Shera	MYUKKE.	150		05	12	15	18	pcb	1004	inov	MÚSECA 오리지널	VI 72	
0310	Prayer	溝口ゆうま feat. 大瀬良あい	183		06	12	15	18	pcb	0866	inov	MÚSECA 오리지널	VI 72	
0311	birth	Yu_Asahina	220	200	06	13	16	18	pcb	0140	inov	MÚSECA 오리지널	VI 72	
0312	うぇるかむ -||祭みっくす||-	忠兵衛	220	125	06	13	16	18	pcb	1352	inov	FLOOR 리믹스	VI 73	
0313	Absurd Gaff (Metallize Remix)	Metal Giant	220		07	14	17	19	pcb	0049	iadv,iexh,imxm,inov	FLOOR 리믹스	VI 73	
0314	おちゃめ機能	ゴジマジP feat. 重音テト	150		03	11	14	17		1356	inov	VOCALOID	VI 74	테토
0315	おねがいダーリン	OИE	180		03	12	15	17		1362	inov	VOCALOID	VI 74	ONE
0316	ΣMERGENCY CODΣ	概念	205		06	13	16	18	hexa	1325	iadv,iexh,imxm,inov	SDVX 오리지널	VI 75	HEXA DIVER
0317	Marielle	ゆんゆん	234		06	13	16	18	hexa	0708	iadv,iexh,imxm,inov	SDVX 오리지널	VI 75	HEXA DIVER
0318	忘れないように、失くさないように	Mono.	208	150	05	13	16	18	hexa	1816	iadv,iexh,imxm,inov	SDVX 오리지널	VI 75	HEXA DIVER
0319	BLISS	ミハイル + K.key	210	190	05	13	16	18	hexa	0154	iadv,iexh,imxm,inov	SDVX 오리지널	VI 75	HEXA DIVER
0320	Breakneck Pursuit	Ashrount	210		07	14	17	19	hexa	0176	iadv,iexh,imxm,inov	SDVX 오리지널	VI 75	HEXA DIVER
0321	Spectacular“V”Adventure!	Enterskip	264	238	07	14	17	19	hexa	1047	iadv,iexh,imxm,inov	SDVX 오리지널	VI 75	HEXA DIVER
0322	APØCALYPSE RAY	xi	212		08	15	18	20	hexa	0089	iadv,iexh,imxm,inov	SDVX 오리지널	VI 75	HEXA DIVER
0323	ませまてぃっく♡ま＋ま＝まじっく！　～徹夜の追込みエナジーまっくす！～	KAH feat.こにゃばた	251		06	13	16	18	pcb	1417	inov	FLOOR 리믹스	VI 76	
0324	Voice 7 Voice!!!!!!!	かめりあ feat. ななひら	150		06	13	16	18	pcb	1228	iadv,iexh,imxm,inov	FLOOR 리믹스	VI 76	
0325	Dawn of Asia(Alkome Remix)	Alkome	188		05	12	15	17	pcb	0278	iadv,iexh,imxm,inov	FLOOR 리믹스	VI 76	
0326	Demetel (Erixa ”MYTH” Remix)	Erixa	150		05	11	14	17	pcb	0293	inov	FLOOR 리믹스	VI 76	
0327	One More Lovely	Risk Junk	200		07	14	17	19	pcb	0805	inov	beatmania IIDX 오리지널	VI 77	
0328	KAMAITACHI	DJ TECHNORCH fw. GUHROOVY	165		06	13	16	18	pcb	0620	inov	beatmania IIDX 오리지널	VI 77	
0329	Follow Tomorrow	HHH×MM×ST	140		04	10	14	17	pcb	0435	inov	beatmania IIDX 오리지널	VI 77	
0330	Element of SPADA	猫叉Master feat.霜月はるか	170		05	11	14	17	pcb	0354	inov	beatmania IIDX 오리지널	VI 77	
0331	Amazing Mirage	lapix	153		05	12	15	18	pcb	0074	inov	beatmania IIDX 오리지널	VI 77	
0332	Please Welcome Mr.C	C-Show	230		06	13	16	18	pcb	0855	inov	beatmania IIDX 오리지널	VI 77	
0333	Enter The Rave	Tatsunoshin	160		5	13	16	18	hexa	0379	iadv,iexh,imxm,inov	SDVX 오리지널	VI 78	HEXA DIVER
0334	リュミレイラ	後藤 feat. nayuta	207		5	13	16	18	hexa	1684	iadv,iexh,imxm,inov	SDVX 오리지널	VI 78	HEXA DIVER
0335	十三不塔	隣の卓は役満(庭師+Aoi)	203		6	13	16	18	hexa	1745	iadv,iexh,imxm,inov	SDVX 오리지널	VI 78	HEXA DIVER
0336	SHARK IMPACT	ryhki	165		6	13	16	18	hexa	0999	iadv,iexh,imxm,inov	SDVX 오리지널	VI 78	HEXA DIVER
0337	and After the Merry BADEND	polysha	192	64	7	14	17	19	hexa	0077	iadv,iexh,imxm,inov	SDVX 오리지널	VI 78	HEXA DIVER
0338	Undead Raving Scare	RoughSkreamZ	250	165	7	14	17	19	hexa	1181	iadv,iexh,imxm,inov	SDVX 오리지널	VI 78	HEXA DIVER
0339	HeaveИ's Rain	モリモリあつし	285		8	15	18	20	hexa	0524	iadv,iexh,imxm,inov	SDVX 오리지널	VI 78	HEXA DIVER
0340	朧	白上フブキ	149		04	11	14	17		1881	imxm,inov	시라카미 후부키 콜라보레이션	VI 79	
0341	Say!ファンファーレ!	白上フブキ	170		02	09	14	17		0974	inov	시라카미 후부키 콜라보레이션	VI 79	
0342	KINGWORLD	白上フブキ	240		05	12	15	18		0628	inov	시라카미 후부키 콜라보레이션	VI 79	
0343	Happiness World	BABACORN(宝鐘マリン/白上フブキ)	150		03	10	13	16		0512	inov	시라카미 후부키 콜라보레이션	VI 79	
0344	おにけもだんす	いろはにほへっと あやふぶみ(白上フブキ/百鬼あやめ/大神ミオ)	197		04	12	14	17		1360	inov	시라카미 후부키 콜라보레이션	VI 79	
0345	ドリームエンド・サバイバー(Hidra-Xjeil Remix)	Hidra-Xjeil	215		06	12	15	18	pcb	1578	inov	FLOOR 리믹스	VI 80	
0346	GEROL (Yooh Remix)	Yooh	145		05	12	15	17	pcb	0473	inov	FLOOR 리믹스	VI 80	
0347	Lovesick Lovetune(brz_style)	brz1128 feat.しろさきあや	170		04	11	14	17	pcb	0687	imxm,inov	FLOOR 리믹스	VI 80	
0348	Sayonara Planet Wars (Sot-C Remix)	Sot-C	224		06	13	16	18	pcb	0976	iadv,iexh,imxm,inov	FLOOR 리믹스	VI 80	
0349	ポジティブ☆ダンスタイム	キノシタ feat.音街ウナ・鏡音リン	210		04	11	14	17		1640	inov	VOCALOID	VI 81	우나/린
0350	ポッピンキャンディ☆フィーバー！	キノシタ feat.音街ウナ・鏡音リン	190		03	12	15	17		1641	inov	VOCALOID	VI 81	우나/린
0351	TOKAKU=ALMiRAJ	MYUKKE.	170		06	12	15	18	hexa	1138	iadv,iexh,imxm,inov	FLOOR 오리지널	VI 82	HEXA DIVER이전에 출시된 챕터들을 전부 해금해야 오픈됨. 난이도 무관.
0352	レインボウ・フレーバー	みーに feat. 杠葉えりか	140		06	12	15	18	hexa	1690	iadv,iexh,imxm,inov	FLOOR 오리지널	VI 82	HEXA DIVER이전에 출시된 챕터들을 전부 해금해야 오픈됨. 난이도 무관.
0353	=∴NOMADE∵OTION=	qfeileadh + yuichi NAGAO	250		06	13	16	18	hexa	0038	iadv,iexh,imxm,inov	FLOOR 오리지널	VI 82	HEXA DIVER이전에 출시된 챕터들을 전부 해금해야 오픈됨. 난이도 무관.
0354	随神	影虎。	163		06	13	16	18	hexa	2047	iadv,iexh,imxm,inov	FLOOR 오리지널	VI 82	HEXA DIVER이전에 출시된 챕터들을 전부 해금해야 오픈됨. 난이도 무관.
0355	OVEЯ+TUЯE	kanone VS nora2r	244		07	14	17	19	hexa	0823	iadv,iexh,imxm,inov	FLOOR 오리지널	VI 82	HEXA DIVER이전에 출시된 챕터들을 전부 해금해야 오픈됨. 난이도 무관.
0356	Burst Λnd reBoost	めと（Metomate)	232	203	07	14	17	19	hexa	0181	iadv,iexh,imxm,inov	FLOOR 오리지널	VI 82	HEXA DIVER이전에 출시된 챕터들을 전부 해금해야 오픈됨. 난이도 무관.
0357	Λkasha	BlackY feat. Risa Yuzuki	180		08	15	18	20	hexa	1320	iadv,iexh,imxm,inov	FLOOR 오리지널	VI 82	HEXA DIVER이전에 출시된 챕터들을 전부 해금해야 오픈됨. 난이도 무관.
0358	ポラリスノウタ	ここなつ2.0	170		03	10	14	17		1643	inov	히나비타♪ / 반메시♪	VI 83	
0359	ちくわパフェだよ☆ＣＫＰ (Yvya Remix)	Remixed by  "Yvya"	205		05	12	15	18	lim	1393	inov	히나비타♪ / 반메시♪	VI 83	
0360	めうめうぺったんたん！！ (ZAQUVA Remix)	Remixed by  "ZAQUVA"	200		05	13	16	18	lim	1423	inov	히나비타♪ / 반메시♪	VI 83	
0361	Circuit Surfer	kors k	230		07	14	17	19	pcb	0215	inov	동인 음악	VI 84	
0362	コントレイル	葛葉	172		03	11	14	17		1502	inov	니지산지 콜라보레이션	VI 85	
0363	Virtual to LIVE	にじさんじ	156		02	10	14	17		1220	inov	니지산지 콜라보레이션	VI 85	
0364	アンチグラビティ・ガール	月ノ美兎	178		04	12	15	18		1445	inov	니지산지 콜라보레이션	VI 85	
0365	We Are All The Dreamer	Hommarju ft. かぼちゃ	148		05	12	15	18	blas	1247	inov	FLOOR 오리지널	VI 86	[1W]
0366	Double or Nothing	Tatsunoshin	175		06	13	16	18	blas	0327	inov	FLOOR 오리지널	VI 86	[1W]
0367	トリコエリヌム▽コンチェルト	qfeileadh	222		06	13	16	18	blas	1567	inov	FLOOR 오리지널	VI 87	[1W]
0368	群青纏う朱の槍	めと（Metomate）	230	220	06	13	16	18	blas	1983	inov	FLOOR 오리지널	VI 87	[1W]
0369	CHOVERY GOOSE!!!	MYUKKE.	180		05	12	15	18	blas	0212	inov	FLOOR 오리지널	VI 87	[1W]
0370	V!LLA!N	Kaname	210		05	12	15	18	blas	1191	inov	FLOOR 오리지널	VI 88	[1W]
0371	TOYBOX CANNØN=͟͟͞ Σ≡=｡ﾟ:*.:+｡.☆	Mono.	234		06	13	16	18	blas	1145	inov	FLOOR 오리지널	VI 88	[1W]
0372	ON THE WORLD	Yuta Imai	255		06	13	16	18	blas	0802	inov	FLOOR 오리지널	VI 88	[1W]
0373	花火のおもちゃ箱	Yu-dachi	176		05	12	15	18	blas	1994	inov	FLOOR 오리지널	VI 89	[1W]
0374	イグジスター	東雲蛍 feat. はぁち	176		06	12	16	18	blas	1450	inov	FLOOR 오리지널	VI 89	[1W]
0375	La Nostra Storia!	polysha w/ mikanzil	246		06	13	16	18	blas	0635	iadv,iexh,imxm,inov	FLOOR 오리지널	VI 89	[1W]
0376	もぐもぐYUMMY！	猫又おかゆ	140		02	09	14	17		1424	inov	네코마타 오카유 콜라보레이션	VI 89	
0377	毒杯スワロウ	猫又おかゆ	140		04	12	15	18		1898	inov	네코마타 오카유 콜라보레이션	VI 89	
0378	カミサマ・ネコサマ	猫又おかゆ	185		03	10	14	17		1474	inov	네코마타 오카유 콜라보레이션	VI 89	
0379	グリーディ・スターズ！	みーに feat. しろさきあや	260		05	12	15	18	blas	1495	inov	FLOOR 오리지널	VI 90	[1W]
0380	Di-Da-De-Doo	Yu_Asahina ft.Mizutama	144		05	13	15	18	blas	0306	inov	FLOOR 오리지널	VI 90	[1W]
0381	Break Through Δpex	Halv feat.Kuroa*	210	190	06	13	16	18	blas	0173	iadv,iexh,imxm,inov	FLOOR 오리지널	VI 90	[1W]
0382	LOVE TONIC	影虎。	165		05	12	15	18	blas	0685	iadv,iexh,imxm,inov	FLOOR 오리지널	VI 91	[1W]
0383	Inevitable Magic	Alkome	170		06	13	16	18	blas	0574	inov	FLOOR 오리지널	VI 91	[1W]
0384	Ars Magna	Riz	269		06	13	16	18	blas	0099	imxm,inov	FLOOR 오리지널	VI 91	[1W]
0385	waxing and wanding	靑龍	191		06	13	16	18	pcb	1245	iadv,iexh,imxm,inov	beatmania IIDX 오리지널	VI 91	
0386	異次元の孤独~カナタノキミへ~	RoughSkreamZ feat. Sennzai	250		06	13	16	18	blas	1946	inov	FLOOR 오리지널	VI 92	[1W]
0387	SΛMVICΛ	seatrus -Reborn-	245		06	13	16	18	blas	1096	inov	FLOOR 오리지널	VI 92	[1W]
0388	MΔX FLAVØR	EmoCosine overlay	261	125	06	14	16	18	blas	0759	inov	FLOOR 오리지널	VI 92	[1W]
0389	Crawl Out Immortal	U-ske feat.Parfaitty	192		05	12	15	18	blas	0249	inov	FLOOR 오리지널	VI 92	[1W]
0390	Xeno Gravity	xi	286		07	14	17	19	sp	1280	iadv,iexh,imxm,inov	FLOOR 오리지널	VI 93	
0391	Cuz we <3 this Game	打打だいず	333	276	07	14	17	19	sp	0266	inov	FLOOR 오리지널	VI 93	
0392	NEMSYS ARENA World Hexathlon	隣の庭は青い(庭師+Aoi)	190		08	15	18	20	sp	0765	iadv,iexh,imxm,inov	FLOOR 오리지널	VI 93	
0393	Knew Order	あまみ×ひなみ	195		04	13	16	18	lim	0630	iadv,iexh,imxm,inov	FLOOR 오리지널	VI 94	
0394	Ex concordia felicitas	Connexio	205		05	12	15	18	lim	0391	imxm,inov	FLOOR 오리지널	VI 94	
0395	ARISE	Juggernaut.	256		07	14	17	19	lim	0097	inov	FLOOR 오리지널	VI 94	
0396	Allegro Saetta	天束 vs. siromaru	182		07	14	17	19	lim	0070	imxm,inov	FLOOR 오리지널	VI 94	
0397	Colorful Magical Parade	Tsubusare BOZZ feat. madoka*	160		05	12	15	17	lim	0235	inov	FLOOR 오리지널	VI 94	
0398	NO SURRENDER	493Water	160		06	13	16	18	lim	0787	inov	FLOOR 오리지널	VI 94	
0399	プリュネシエル	瀬名 feat. 音羽ことり。	190		04	11	14	17	lim	1628	iadv,iexh,imxm,inov	FLOOR 오리지널	VI 94	
0400	StellarflightS	otoshi.b	225		06	13	16	18	lim	1066	inov	FLOOR 오리지널	VI 94	
0401	ウイジン	CHUBAY as "NOVICE"	190		06	12	15	18	lim	1458	iadv,iexh,imxm,inov	FLOOR 오리지널	VI 94	
0402	{ eXLIPXe }	{ かめりあ }	271		08	15	18	20	lim	1308	iadv,iexh,imxm,inov	FLOOR 오리지널	VI 94	
0403	BEMANI PRO LEAGUE -SEASON 2-SOUND VOLTEX ULTIMATE MEDLEY	FLOOR LEGENDS -BPL S2 SDVX-	215		06	13	16	19	lim	0134	inov	FLOOR 스페셜	VI 94	
0404	The setting sun(burst)	nozakita kazumi	141		04	12	15	17	pcb	1118	inov	FLOOR 리믹스	VI 95	
0405	Gate of Atlantis (Vocal ∞ Mix)	MasKaleido feat. ぁゅ	240	8	05	12	15	17	pcb	0465	iadv,iexh,imxm,inov	FLOOR 리믹스	VI 95	
0406	Appliqué(Vocal Remix)	nonomori feat. Nanao	224		06	12	15	18	pcb	0088	inov	FLOOR 리믹스	VI 95	
0407	Max Burning!!(GαineN Beyond yΩu Remix)	概念	200		06	13	16	18	pcb	0711	inov	FLOOR 리믹스	VI 95	
0408	愛昧ショコラーテ	角巻わため	135		02	09	13	16		1837	inov	츠노마키 와타메 콜라보레이션	VI 96	
0409	曇天羊	角巻わため	135		03	10	14	17		1866	inov	츠노마키 와타메 콜라보레이션	VI 96	
0410	My song	角巻わため	188		05	12	15	18		0756	inov	츠노마키 와타메 콜라보레이션	VI 96	
0411	What an amazing swing	角巻わため	125		04	11	15	17		1253	inov	츠노마키 와타메 콜라보레이션	VI 96	
0412	HEAVEN KNOWS	U-ske feat.石橋桃	275		06	12	15	18	pcb	0521	iadv,iexh,imxm,inov	FLOOR 오리지널	VI 97	
0413	七七七夕	Mono. + uynet	192		06	13	16	18	pcb	1702	inov	FLOOR 오리지널	VI 97	
0414	You Only Live Twice	Sephid feat. aria	185		05	12	15	17	pcb	1299	iadv,iexh,imxm,inov	FLOOR 오리지널	VI 97	
0415	King's Gambit	brz1128	195		06	13	16	18	pcb	0627	inov	FLOOR 오리지널	VI 97	
0416	Vigor(siqlo's Hi-Tech Veats)	siqlo	154		05	11	14	17	pcb	1211	inov	FLOOR 리믹스	VI 98	
0417	Scarlet Pinheel -appassionato-	BlackY	168		06	13	16	18	pcb	0981	inov	FLOOR 리믹스	VI 98	
0418	ミュージックプレイヤー （J-pop Remix）	technoplanet feat. Risa Yuzuki	236		06	13	16	18	pcb	1655	iadv,iexh,imxm,inov	FLOOR 리믹스	VI 98	
0419	おにいちゃんグリッチホップ ～eternal love remix～	HOUJIROU feat. 杠葉えりか	110		03	12	14	17	pcb	1358	iadv,iexh,imxm,inov	FLOOR 리믹스	VI 98	
0420	WobbleTangleFestival (影虎。 & ikaruga_nex's HDM RMX)	影虎。 & ikaruga_nex	155		04	12	15	17	pcb	1269	inov	FLOOR 리믹스	VI 98	
0421	月明りの旅人たち	coTatsu	137		04	11	14	17	tama	1877	iadv,iexh,imxm,inov	FLOOR 오리지널	VI 99	TAMA네코 어드벤처
0422	トキノコエト	setu-O meets 駄々子	210		06	12	15	18	tama	1561	inov	FLOOR 오리지널	VI 99	TAMA네코 어드벤처
0423	Sweetie Beauti Magic	打打だいず feat.凜々	285	150	06	13	16	18	tama	1092	inov	FLOOR 오리지널	VI 99	TAMA네코 어드벤처
0424	Two of Wonder Lights	technoplanet feat. Tamako Kinoshita	264		06	13	16	18	tama	1167	iadv,iexh,imxm,inov	FLOOR 오리지널	VI 99	TAMA네코 어드벤처
0425	Entropic EnĤαncemEnt	CHUBAY	254		07	14	17	19	tama	0380	inov	FLOOR 오리지널	VI 99	TAMA네코 어드벤처
0426	SAD1STIC Я04D	Enterskip	292		07	14	17	19	tama	0962	iadv,iexh,imxm,inov	FLOOR 오리지널	VI 99	TAMA네코 어드벤처
0427	XΛLT=ØVER	Ashrount	321		07	14	17	19	tama	1296	inov	FLOOR 오리지널	VI 99	TAMA네코 어드벤처
0428	Hopscotch	GrivR.	175		05	12	15	17	pcb	0541	imxm,inov	FLOOR 오리지널	VI 100	
0429	アイの雫	kuro	261		06	13	16	18	pcb	1432	iadv,iexh,imxm,inov	FLOOR 오리지널	VI 100	
0430	邪魔をしないで	Symholic feat.狛茉璃奈	188	155	04	12	15	17	pcb	2033	imxm,inov	FLOOR 오리지널	VI 100	
0431	Almandite	7mai	207		06	13	16	18	pcb	0071	inov	FLOOR 오리지널	VI 100	
0432	残像ニ繋ガレタ追憶ノHIDEAWAY	SOUND HOLIC Vs.  "KE!JU" feat. Nana Takahashi	160		03	11	14	17		1896	inov	동방 프로젝트 × BEMANI	VI 101	원곡 : 亡き王女の為のセプテット, 月時計 ～ ルナ･ダイアル, フラワリングナイト
0433	SUPER HEROINE!!	Amateras Records vs  "TATSUYA" feat. miko	186		03	12	15	17	tama	1082	iadv,iexh,imxm,inov	동방 프로젝트 × BEMANI	VI 101	TAMA네코 어드벤처원곡 : 少女綺想曲 ～ Dream Battle, 恋色マスタースパーク
0434	閉塞的フレーション	Pizuya's Cell VS  "dj TAKA"	176		04	12	15	18	tama	2042	inov	동방 프로젝트 × BEMANI	VI 101	TAMA네코 어드벤처원곡 : U.N.オーエンは彼女なのか？
0435	弾幕信仰	豚乙女× "PON"	170		05	13	16	18	tama	1810	inov	동방 프로젝트 × BEMANI	VI 101	TAMA네코 어드벤처원곡 : 稲田姫様に𠮟られるから, 封印されし神々, 麓の神社
0436	¡¡Fanta∽cramble!!	Potwi	154	110	05	12 	15	17	pcb	1310	imxm,inov	FLOOR 오리지널	VI 102	
0437	ハガネノツルギ	coTatsu	144		05	12	15	17	pcb	1597	imxm,inov	FLOOR 오리지널	VI 102	
0438	∞vitUniverse	Lime	234		06	13	16	18	pcb	1341	iadv,iexh,imxm,inov	FLOOR 오리지널	VI 102	
0439	We Are GamerZ!	Ninja Never DieS!	210		06	13	16	18	pcb	1248	inov	FLOOR 오리지널	VI 102	
0440	Voice 2 Voice n Voice	Acotto	157		05	12	15	17	pcb	1227	iadv,iexh,imxm,inov	FLOOR 리믹스	VI 103	
0441	Four Leaves (Whitelily. remix)	Whitelily.(みーに&しろさきあや)	191		04	11	14	17	pcb	0442	iadv,iexh,imxm,inov	FLOOR 리믹스	VI 103	
0442	GIGI BABA(brz_style)	brz1128	180		05	12	15	18	pcb	0482	iadv,iexh,imxm,inov	FLOOR 리믹스	VI 103	
0443	PANIC HOLIC (かめりあ's "24600 POWER" Remix)	かめりあ	246		06	13	16	18	pcb	0007	inov	FLOOR 리믹스	VI 103	
0444	Growing Up／アニメ「この素晴らしい世界に祝福を！3」より	Machico	190		03	10	14	17		0504	inov	POPS&아니메	VI 103	
0445	こどもかくしのアンダーランド	iru feat. 桃寝ちのい	183		06	13	16	18	hexa	1377	iadv,iexh,imxm,inov	FLOOR 오리지널	VI 104	HEXA DIVERCODE:DimiourGEAR 까지의 챕터들과는 별개의 챕터이며, 폴더도 나누어져 있다.
0446	憧憬のファンファーレ	CHUBAY	276		06	13	16	18	hexa	1841	iadv,iexh,imxm,inov	FLOOR 오리지널	VI 104	HEXA DIVERCODE:DimiourGEAR 까지의 챕터들과는 별개의 챕터이며, 폴더도 나누어져 있다.
0447	Imitated Visions	荒谷サトル	150		06	13	16	18	hexa	0566	iadv,iexh,imxm,inov	FLOOR 오리지널	VI 104	HEXA DIVERCODE:DimiourGEAR 까지의 챕터들과는 별개의 챕터이며, 폴더도 나누어져 있다.
0448	すべてを賭して	ke-ji	278	228	06	13	16	18	hexa	1385	iadv,iexh,imxm,inov	FLOOR 오리지널	VI 104	HEXA DIVERCODE:DimiourGEAR 까지의 챕터들과는 별개의 챕터이며, 폴더도 나누어져 있다.
0449	Xinca	隣の庭は青い(庭師+Aoi)	235		07	14	17	19	hexa	1287	iadv,iexh,imxm,inov	FLOOR 오리지널	VI 104	HEXA DIVERCODE:DimiourGEAR 까지의 챕터들과는 별개의 챕터이며, 폴더도 나누어져 있다.
0450	JACK -the KING Ki11ing-	打打だいず vs. siromaru	311		07	14	17	19	hexa	0598	iadv,iexh,imxm,inov	FLOOR 오리지널	VI 104	HEXA DIVERCODE:DimiourGEAR 까지의 챕터들과는 별개의 챕터이며, 폴더도 나누어져 있다.
0451	Don't you dare play GOD	technoplanet feat. Tamako Kinoshita	500	240	08	15	18	20	hexa	0324	iadv,iexh,imxm,inov	FLOOR 오리지널	VI 104	HEXA DIVERCODE:DimiourGEAR 까지의 챕터들과는 별개의 챕터이며, 폴더도 나누어져 있다.
0452	Ahoy!! 我ら宝鐘海賊団☆	宝鐘マリン	170		04	12	15	18		0059	inov	호쇼 마린 콜라보레이션	VI 105	
0453	I’m Your Treasure Box＊あなたは マリンせんちょうを たからばこからみつけた。	宝鐘マリン	120	75	03	10	14	17		0597	inov	호쇼 마린 콜라보레이션	VI 105	
0454	美少女無罪♡パイレーツ	宝鐘マリン	170		02	11	15	17		1981	inov	호쇼 마린 콜라보레이션	VI 105	
0455	幽霊船戦	宝鐘マリン	160		05	13	16	18		1807	inov	호쇼 마린 콜라보레이션	VI 105	
0456	Chewingood!!!	TORIENA	190		05	12	15	17	pcb	0206	inov		X-record (크로스 레코드)	[V]
0457	Verflucht	Tyrfing	180		06	13	16	18	pcb	1204	inov		X-record (크로스 레코드)	[V]
0458	ディスコルディア	ぺのれり vs.  "HuΣeR"	280	180	07	14	17	19	pcb	1555	iadv,iexh,imxm,inov		X-record (크로스 레코드)	[V]
0459	Fegrix	Xceon vs DJ Command (Eurobeat Union)	175		06	13	16	18	pcb	0404	inov		X-record (크로스 레코드)	[V]
0460	ピアノ協奏曲第１番 "蠍火"	virkato	188	165	07	14	17	19	pcb				X-record (크로스 레코드)	[V]
0461	2 Beasts Unchained	kors k vs Yooh	175		07	14	17	19	pcb	0026	iadv,inov		X-record (크로스 레코드)	[V]
0462	儚キ戀ノ幻想譚	まろん feat.あやぽんず＊(森羅万象)	175		05	12	15	18	pcb	1725	iadv,iexh,imxm,inov		X-record (크로스 레코드)	[V]
0463	禊	Nhato	160		06	13	16	18	pcb	1963	iadv,iexh,imxm,inov		X-record (크로스 레코드)	[V]
0464	恋愛=精度×認識力	立秋 vs.  "L.E.D.-G" feat.ちょこ&ななひら	333	3	07	14	17	19	pcb	1827	inov		X-record (크로스 레코드)	[V]
0465	カジノファイヤーことみちゃん	ARM feat. 山本椛＋Brasscapsule	230		06	13	16	18	pcb	1471	iadv,iexh,imxm,inov		BPL 응원 악곡해금 스탬프 랠리	
0466	STEEL NEEDLE	Scorpion	205		06	13	16	18	pcb	1063	iadv,iexh,imxm,inov		BPL 응원 악곡해금 스탬프 랠리	
0467	MA・TSU・RI	かなたん,アマギセーラ,ぁゅ by  "藤森崇多"	160		04	10	14	17	pcb	0715	inov		BEMANI 2021 한여름의 가합전 5번승부	
0468	MOVE! (We Keep It Movin')	Jonny Dynamite!,Lisa - paint with stars -,Rio Hiiragi by  “U1-ASAMi”	142		04	10	14	17	pcb	0750	inov		BEMANI 2021 한여름의 가합전 5번승부	
0469	LIKE A VAMPIRE	koyomi,星野奏子 by  "TAKA"	276		05	12	15	17	pcb	0665	inov		BEMANI 2021 한여름의 가합전 5번승부	
0470	スーパー戦湯ババンバーン	すわひでお,秋成,かぼちゃ,藍月なくる,NU-KO by  "八戸亀生羅"	187		05	12	15	17	pcb	1532	inov		BEMANI 2021 한여름의 가합전 5번승부	
0471	斑咲花	mami,駄々子 by  "Akhuta Works"	 201	134 	06	12	15	17	pcb	1848	inov		BEMANI 2021 한여름의 가합전 5번승부	
0472	ユメブキ	紫崎 雪,Risa Yuzuki,709sec. by  "PHQUASE & SYUNN"	200		06	13	16	18	pcb	1675	inov		BEMANI 2021 한여름의 가합전 5번승부	
0473	Triple Cross	Produced by  "dj TAKA & DJ YOSHITAKA & SYUNN"	196		06	13	16	18		1155	inov		BEMANI 2021 한여름의 가합전 5번승부	
0474	Aftermath	Produced by  "猫叉Master & あさき & Yvya"	200		05	12	15	17		0058	inov		BEMANI 2021 한여름의 가합전 5번승부	
0475	Flip Flap	kors k	175		04	11	14	17	pcb	0422	inov		리플렉 비트 악곡 스탬프 이벤트	
0476	WICKeD CRφSS	OSTER project	180		06	12	15	17	pcb	1259	inov		리플렉 비트 악곡 스탬프 이벤트	
0477	SPECIAL SUMMER CAMPAIGN!	Lucky Vacuum	168		05	13	16	18	pcb	1046	inov		리플렉 비트 악곡 스탬프 이벤트	
0478	Crystalia	DJ TOTTO	270		06	13	16	18	pcb	0260	inov		리플렉 비트 악곡 스탬프 이벤트	
0479	CLAMARE	MAX MAXIMIZER	224		07	14	17	19	pcb	0221	inov		리플렉 비트 악곡 스탬프 이벤트	
0480	梅雪夜	Qrispy Joybox feat.mao	167		03	11	14	17	lim	1890	inov		리플렉 비트 악곡 스탬프 이벤트	
0481	黒紅掬い	猫叉Master feat.霜月はるか	104		04	12	15	17	lim	2079	inov		리플렉 비트 악곡 스탬프 이벤트	
0482	Crazy Jackpot	Hommarju	170		05	12	15	18	lim	0251	inov		리플렉 비트 악곡 스탬프 이벤트	
0483	Poochie	kors k	110		06	13	16	18	lim	0860	inov		리플렉 비트 악곡 스탬프 이벤트	
0484	ARACHNE	MAX MAXIMIZER	179		06	13	16	18	lim	0091	inov		리플렉 비트 악곡 스탬프 이벤트	
0485	ピアノ独奏無言歌 "灰燼"	 "Virkato Wakhmaninov"	200	100	07	14	17	19	pcb	0009	inov		BEMANI SYMPHONY Concert 2022	
0486	perditus†paradisus	iconoclasm	172		07	14	17	19	pcb	0835	inov		이치카의 뒤범벅 Mix UP!	
0487	Snowmelt	nora2r ×  "Yvya"	222		06	13	16	18	pcb	1027	inov		이치카의 뒤범벅 Mix UP!	
0488	[ ]DENTITY	HuΣeR	200		07	14	17	19	pcb	0039	inov		이치카의 뒤범벅 Mix UP!	SDVX × IIDX
0489	White Stream	ZAQUVA	222		06	13	16	18	pcb	1256	inov		이치카의 뒤범벅 Mix UP!	SDVX × GITADORA
0490	VOLAQUAS	DJ TOTTO VS 兎々	212		07	14	17	19	pcb	1229	inov		이치카의 뒤범벅 Mix UP!	
0491	Awakening Wings	伊達朱里紗	190		04	12	14	17		0108	inov		eMAH-JONG 마작 파이트 클럽 PRO TOURNAMENT	
0492	チェイスチェイスジョーカーズのうた	カギコ&チノン（CV:金元寿子&大空直美）	185		04	11	14	17	pcb	1543	inov		체이스 체이스 조커즈 × SOUND VOLTEX 콜라보레이션	[J]
0493	パーフェクトイーター	 "PON" feat.かなたん	175		03	12	15	18	lim	1610	inov		KAC 2023 엔트리 특전 악곡	
0494	累乗のカルマ	めと（Metomate）	178		05	13	16	18	lim	1975	inov		KAC 2023 엔트리 특전 악곡	예선 라운드 A
0495	Stylus	 "HuΣeR"	165		06	13	16	18	lim	1075	inov		KAC 2023 엔트리 특전 악곡	예선 라운드 B
0496	QQ	 "PHQUASE & ZAQUVA"	199		07	14	17	19	lim	0892	inov		KAC 2023 엔트리 특전 악곡	예선 라운드 B
0497	stellar rain	 "PHQUASE"	148		04	12	15	18	pcb	1065	inov		BEMANI PRO LEAGUE -SEASON 3- Triple Tribe	
0498	THE PEERLESS UNDER HEAVEN	Yuta Imai Vs.  “L.E.D.-G”	170		06	13	16	18	pcb	1114	inov		BEMANI PRO LEAGUE -SEASON 3- Triple Tribe	
0499	suspicions	 "猫叉Master VS dj TAKA"	153		06	13	16	18	pcb	1087	inov		BEMANI PRO LEAGUE -SEASON 3- Triple Tribe	
0500	ちょえちょえまぎか	Pizuya's Cell	180		04	12	15	17	lim	1394	iadv,iexh,imxm,inov		BEMANI PRO LEAGUE -SEASON 3- Triple Tribe	[V]
0501	Deep tenDon Reflex	 "Coyaan"	180		06	13	16	18	lim	0289	inov		BEMANI PRO LEAGUE -SEASON 3- Triple Tribe	[V]
0502	Ambivalent Vermilia	 "二代目朱雀 feat.朱雀"	185		07	14	17	19	lim	0075	iadv,iexh,imxm,inov		BEMANI PRO LEAGUE -SEASON 3- Triple Tribe	[V]
0503	Come to Life	ARM (IOSYS) feat. Nicole Curry	180		06	13	16	18	lim	0238	inov		BEMANI PRO LEAGUE -SEASON 4- Triple Tribe	[V]
0504	SOLAR ECLIPSE	Yuta Imai Vs.  "Yvya"	195		07	14	17	19	lim	1030	iadv,iexh,imxm,inov		BEMANI PRO LEAGUE -SEASON 4- Triple Tribe	[V]
0505	COSMIC V3LOCITY	 "Coyaan & KE!JU & ZAQUVA"	200		07	14	17	19	lim	0246	iadv,iexh,imxm,inov		BEMANI PRO LEAGUE -SEASON 4- Triple Tribe	[V]
0506	Blφφdy Cφncertφ	OSTER project & RoughSketch	210		06	13	16	18	lim	0164	inov		MYSTICAL Re:UNION	
0507	OROCHI STRIKE	Hommarju &  "兎々"	200	50	06	13	16	18	lim	0813	inov		MYSTICAL Re:UNION	
0508	Lichtsäule	かめりあ &  "PHQUASE"	215		07	14	17	19	lim	0661	inov		MYSTICAL Re:UNION	
0509	REINCARNATION	P*Light	220		07	14	17	19	lim	0927	inov		MYSTICAL Re:UNION	
0510	Re:RHYZE	beatnation RHYZE	200		06	13	16	18	lim	0907	inov		MYSTICAL Re:UNION	
0511	Caldwell 99	BlackY	142		06	13	16	18				BEMANI 오리지널	MYSTICAL Re:UNION	
0512	シュレーディンガーの猫	Cait Sith	187		07	14	17	19				pop'n music 오리지널	MYSTICAL Re:UNION	
0513	焔華	movies(moimoi×Xceon×Dai.)	160		04	11	14	17				pop'n music 오리지널	MYSTICAL Re:UNION	
0514	Timepiece phase II	佐々木博史	287		07	14	17	19				GITADORA 오리지널	MYSTICAL Re:UNION	
